CREATE DATABASE  IF NOT EXISTS `metronic` /*!40100 DEFAULT CHARACTER SET utf8 */;
USE `metronic`;
-- MySQL dump 10.13  Distrib 5.6.13, for Win32 (x86)
--
-- Host: localhost    Database: metronic
-- ------------------------------------------------------
-- Server version	5.6.21

/*!40101 SET @OLD_CHARACTER_SET_CLIENT=@@CHARACTER_SET_CLIENT */;
/*!40101 SET @OLD_CHARACTER_SET_RESULTS=@@CHARACTER_SET_RESULTS */;
/*!40101 SET @OLD_COLLATION_CONNECTION=@@COLLATION_CONNECTION */;
/*!40101 SET NAMES utf8 */;
/*!40103 SET @OLD_TIME_ZONE=@@TIME_ZONE */;
/*!40103 SET TIME_ZONE='+00:00' */;
/*!40014 SET @OLD_UNIQUE_CHECKS=@@UNIQUE_CHECKS, UNIQUE_CHECKS=0 */;
/*!40014 SET @OLD_FOREIGN_KEY_CHECKS=@@FOREIGN_KEY_CHECKS, FOREIGN_KEY_CHECKS=0 */;
/*!40101 SET @OLD_SQL_MODE=@@SQL_MODE, SQL_MODE='NO_AUTO_VALUE_ON_ZERO' */;
/*!40111 SET @OLD_SQL_NOTES=@@SQL_NOTES, SQL_NOTES=0 */;

--
-- Table structure for table `app_setting`
--

DROP TABLE IF EXISTS `app_setting`;
/*!40101 SET @saved_cs_client     = @@character_set_client */;
/*!40101 SET character_set_client = utf8 */;
CREATE TABLE `app_setting` (
  `id` bigint(20) NOT NULL AUTO_INCREMENT,
  `setting_key` varchar(200) DEFAULT NULL,
  `setting_value` text,
  `setting_description` text,
  `created_at` timestamp NULL DEFAULT CURRENT_TIMESTAMP,
  `updated_at` timestamp NULL DEFAULT CURRENT_TIMESTAMP,
  PRIMARY KEY (`id`)
) ENGINE=InnoDB AUTO_INCREMENT=13 DEFAULT CHARSET=utf8;
/*!40101 SET character_set_client = @saved_cs_client */;

--
-- Dumping data for table `app_setting`
--

LOCK TABLES `app_setting` WRITE;
/*!40000 ALTER TABLE `app_setting` DISABLE KEYS */;
INSERT INTO `app_setting` VALUES (2,'SiteInfo_AppName','ESES',NULL,'2015-04-09 04:21:33','2015-10-25 10:01:26'),(3,'SiteInfo_AppDesc','Design & Sale Templte',NULL,'2015-04-09 04:22:26','2015-10-25 10:01:26'),(4,'SiteInfo_CompanyName','ESES LTD.',NULL,'2015-04-09 04:22:52','2015-10-25 10:01:26'),(5,'SiteInfo_EmailSystem','lamnhungoc@gmail.com',NULL,'2015-04-09 04:23:53','2015-10-25 10:01:26'),(6,'SiteInfo_Phone','(84) 999 999 000',NULL,'2015-04-09 04:24:21','2015-10-25 10:01:26'),(7,'SiteInfo_MetaKey','design, template, web',NULL,'2015-04-09 04:24:45','2015-10-25 10:01:26'),(8,'SiteInfo_MetaDesc','Template design web',NULL,'2015-04-09 04:25:14','2015-10-25 10:01:26'),(9,'EmailTemplate_ForgotPassword','<!DOCTYPE html>\n<html>\n<head>\n  <title>Page Title</title>\n</head>\n\n<body>\n  <h1>This is a Heading</h1>\n  <p>This is a paragraph.</p>\n</body>\n\n</html>',NULL,'2015-04-09 10:33:50','2015-04-09 11:05:42'),(10,'ESES_Account','super_admin',NULL,'2015-10-22 17:12:05','2015-10-22 17:12:05'),(11,'SiteInfo_Logo','http://logobox.vn/public/image/layout/logo-2.png',NULL,'2015-10-23 17:00:56','2015-10-25 10:01:26'),(12,'SiteInfo_Sologan','New Vision - New Success',NULL,'2015-10-23 17:00:56','2015-10-25 10:01:26');
/*!40000 ALTER TABLE `app_setting` ENABLE KEYS */;
UNLOCK TABLES;

--
-- Table structure for table `code_content`
--

DROP TABLE IF EXISTS `code_content`;
/*!40101 SET @saved_cs_client     = @@character_set_client */;
/*!40101 SET character_set_client = utf8 */;
CREATE TABLE `code_content` (
  `id` varchar(50) NOT NULL,
  `content` mediumtext,
  `type` varchar(45) DEFAULT NULL,
  PRIMARY KEY (`id`)
) ENGINE=InnoDB DEFAULT CHARSET=utf8;
/*!40101 SET character_set_client = @saved_cs_client */;

--
-- Dumping data for table `code_content`
--

LOCK TABLES `code_content` WRITE;
/*!40000 ALTER TABLE `code_content` DISABLE KEYS */;
INSERT INTO `code_content` VALUES ('footer','<script src=\"{{ Asset(\'assets/CustomJs/jquery.js\') }}\"></script>\n<script src=\"{{ Asset(\'assets/CustomJs/custom.js\') }}\"></script>\n<script>\n    $(document).ready(function(){\n        var data = <?php echo json_encode($footer) ?>;\n        buildFooter(data);\n    });\n</script>','filter'),('header','<script type=\"text/javascript\" src=\"{{ Asset(\'assets/CustomJs/jquery.js\') }}\"></script>\n<script type=\"text/javascript\" src=\"{{ Asset(\'assets/CustomJs/custom.js\') }}\"></script>\n<script>\n    $(document).ready(function(){\n        var data = <?php echo json_encode($mainMenu) ?>;\n        buildMenu(data);\n    });\n</script>','filter'),('slider','<script src=\"{{ Asset(\'assets/CustomJs/jquery.js\') }}\"></script>\n<script src=\"{{ Asset(\'assets/CustomJs/custom.js\') }}\"></script>\n<script>\n    $(document).ready(function(){\n        var data = <?php echo json_encode($mainSlider) ?>;\n        buildMainSlider(data);\n    });\n</script>','filter'),('total','<script src=\"{{ Asset(\'assets/CustomJs/jquery.js\') }}\"></script>\n<script src=\"{{ Asset(\'assets/CustomJs/custom.js\') }}\"></script>\n<script>\n    $(document).ready(function(){\n        var footerData = <?php echo json_encode($footer) ?>;\n        buildFooter(footerData);\n		\n		var mainMenuData = <?php echo json_encode($mainMenu) ?>;\n        buildMenu(mainMenuData);\n		\n		var sliderData = <?php echo json_encode($mainSlider) ?>;\n		var classActive = <?php echo json_encode($classActive) ?>;\n        buildMainSlider(sliderData, classActive);\n    });\n</script>',NULL);
/*!40000 ALTER TABLE `code_content` ENABLE KEYS */;
UNLOCK TABLES;

--
-- Table structure for table `config_news_group`
--

DROP TABLE IF EXISTS `config_news_group`;
/*!40101 SET @saved_cs_client     = @@character_set_client */;
/*!40101 SET character_set_client = utf8 */;
CREATE TABLE `config_news_group` (
  `id` bigint(20) NOT NULL AUTO_INCREMENT,
  `group_id` bigint(20) DEFAULT NULL,
  `news_id` bigint(20) DEFAULT NULL,
  `sort` bigint(20) DEFAULT NULL,
  `created_at` timestamp NULL DEFAULT CURRENT_TIMESTAMP,
  `updated_at` timestamp NULL DEFAULT CURRENT_TIMESTAMP,
  PRIMARY KEY (`id`)
) ENGINE=InnoDB AUTO_INCREMENT=61 DEFAULT CHARSET=utf8;
/*!40101 SET character_set_client = @saved_cs_client */;

--
-- Dumping data for table `config_news_group`
--

LOCK TABLES `config_news_group` WRITE;
/*!40000 ALTER TABLE `config_news_group` DISABLE KEYS */;
INSERT INTO `config_news_group` VALUES (2,5,22,4,'2015-02-10 08:18:27','2015-02-10 08:18:27'),(6,6,24,3,'2015-02-10 10:45:02','2015-02-10 10:45:02'),(7,6,25,2,'2015-02-10 10:45:05','2015-02-10 10:45:05'),(8,6,18,1,'2015-02-10 11:19:27','2015-02-10 11:19:27'),(9,5,26,3,'2015-02-10 19:58:06','2015-02-10 19:58:06'),(10,5,27,2,'2015-02-10 19:58:08','2015-02-10 19:58:08'),(11,5,25,1,'2015-02-10 19:58:12','2015-02-10 19:58:12'),(12,5,18,NULL,'2015-07-30 03:29:16','2015-07-30 03:29:16'),(13,6,22,NULL,'2015-08-25 04:15:00','2015-08-25 04:15:00'),(15,6,29,NULL,'2015-09-12 08:17:47','2015-09-12 08:17:47'),(16,6,23,NULL,'2015-09-12 08:56:45','2015-09-12 08:56:45'),(17,5,38,NULL,'2015-09-12 09:10:37','2015-09-12 09:10:37'),(18,7,22,NULL,'2015-09-26 06:39:53','2015-09-26 06:39:53'),(21,7,22,NULL,'2015-09-26 06:58:12','2015-09-26 06:58:12'),(22,7,42,NULL,'2015-09-26 07:05:09','2015-09-26 07:05:09'),(23,7,41,NULL,'2015-09-26 07:05:13','2015-09-26 07:05:13'),(24,8,18,NULL,'2015-09-26 08:38:37','2015-09-26 08:38:37'),(25,9,18,NULL,'2015-09-30 18:33:35','2015-09-30 18:33:35'),(26,9,22,NULL,'2015-09-30 18:33:37','2015-09-30 18:33:37'),(27,9,23,NULL,'2015-09-30 18:33:39','2015-09-30 18:33:39'),(28,9,24,NULL,'2015-09-30 18:33:42','2015-09-30 18:33:42'),(29,9,25,NULL,'2015-09-30 18:33:44','2015-09-30 18:33:44'),(30,10,31,NULL,'2015-09-30 18:58:51','2015-09-30 18:58:51'),(31,10,28,NULL,'2015-09-30 18:58:55','2015-09-30 18:58:55'),(32,10,38,NULL,'2015-09-30 18:59:01','2015-09-30 18:59:01'),(33,11,27,NULL,'2015-09-30 19:02:10','2015-09-30 19:02:10'),(34,11,25,NULL,'2015-09-30 19:02:14','2015-09-30 19:02:14'),(35,11,29,NULL,'2015-09-30 19:02:20','2015-09-30 19:02:20'),(36,12,46,NULL,'2015-10-10 09:27:48','2015-10-10 09:27:48'),(37,12,47,NULL,'2015-10-10 09:27:55','2015-10-10 09:27:55'),(38,12,48,NULL,'2015-10-10 09:28:00','2015-10-10 09:28:00'),(39,12,49,NULL,'2015-10-10 09:28:06','2015-10-10 09:28:06'),(40,13,22,NULL,'2015-10-10 09:28:43','2015-10-10 09:28:43'),(41,13,23,NULL,'2015-10-10 09:29:00','2015-10-10 09:29:00'),(42,13,24,NULL,'2015-10-10 09:29:17','2015-10-10 09:29:17'),(45,14,38,NULL,'2015-10-20 17:38:50','2015-10-20 17:38:50'),(46,14,32,NULL,'2015-10-20 17:38:59','2015-10-20 17:38:59'),(47,17,22,NULL,'2015-10-20 17:53:13','2015-10-20 17:53:13'),(48,16,28,NULL,'2015-10-20 17:53:18','2015-10-20 17:53:18'),(49,15,24,NULL,'2015-10-20 17:53:27','2015-10-20 17:53:27'),(50,13,38,NULL,'2015-10-24 17:38:54','2015-10-24 17:38:54'),(52,18,25,NULL,'2015-10-24 17:41:49','2015-10-24 17:41:49'),(53,18,22,NULL,'2015-10-24 17:41:51','2015-10-24 17:41:51'),(55,18,23,NULL,'2015-10-24 17:42:10','2015-10-24 17:42:10'),(56,18,24,NULL,'2015-10-24 17:42:19','2015-10-24 17:42:19'),(57,19,32,NULL,'2015-10-24 17:59:08','2015-10-24 17:59:08'),(58,19,42,NULL,'2015-10-24 17:59:11','2015-10-24 17:59:11'),(59,19,38,NULL,'2015-10-24 17:59:22','2015-10-24 17:59:22'),(60,19,27,NULL,'2015-10-25 10:03:26','2015-10-25 10:03:26');
/*!40000 ALTER TABLE `config_news_group` ENABLE KEYS */;
UNLOCK TABLES;

--
-- Table structure for table `config_slide`
--

DROP TABLE IF EXISTS `config_slide`;
/*!40101 SET @saved_cs_client     = @@character_set_client */;
/*!40101 SET character_set_client = utf8 */;
CREATE TABLE `config_slide` (
  `id` bigint(20) NOT NULL AUTO_INCREMENT,
  `slide_name` varchar(200) DEFAULT NULL,
  `slide_prefix` longtext,
  `slide_suffix` longtext,
  `slide_status` tinyint(4) DEFAULT '1',
  `created_at` timestamp NULL DEFAULT CURRENT_TIMESTAMP,
  `updated_at` timestamp NULL DEFAULT CURRENT_TIMESTAMP,
  PRIMARY KEY (`id`)
) ENGINE=InnoDB AUTO_INCREMENT=11 DEFAULT CHARSET=utf8;
/*!40101 SET character_set_client = @saved_cs_client */;

--
-- Dumping data for table `config_slide`
--

LOCK TABLES `config_slide` WRITE;
/*!40000 ALTER TABLE `config_slide` DISABLE KEYS */;
INSERT INTO `config_slide` VALUES (1,'Best Slider','<section class=\"slider slider1\">','</section>',0,'2015-09-05 16:36:38','2015-10-30 10:32:00'),(2,'Premium Slider','<section class=\"slider slider8\">','</section>',0,'2015-09-06 08:19:01','2015-09-26 17:34:11'),(3,'Landing Slider','<section class=\"slider11 p05\"><div class=\"slider\">','</div> </section>',-2,'2015-09-06 08:48:53','2015-09-26 17:35:01'),(4,'Form Slider','<section class=\"slider5 p01\"> <div> <div class=\"slider\">','</div> </section>',-2,'2015-09-06 10:30:57','2015-09-26 17:35:08'),(5,'Content Slider','<section class=\"slider12 p05\"> <div class=\"slider\">','</div> <div class=\"control-bg\"></div> </section>',1,'2015-09-06 16:11:16','2015-10-30 13:30:47'),(6,'Modern Slider','<section class=\"slider9 p05\"> <div class=\"slider\">','</div> <ul class=\"slider-titles\"><li><a href=\"#\">Modern and fresh</a></li><li><a href=\"#\">Some other title</a></li><li><a href=\"#\">Suitable for most businesses</a></li><li><a href=\"#\">Highly customizable</a></li><li><a href=\"#\">Responsive and good looking</a></li></ul> </section>',0,'2015-09-06 16:43:18','2015-09-26 17:34:25'),(7,'Simple Slider','<section class=\"slider4 p09\"> <div class=\"slider\">','</div> </section>',0,'2015-09-06 17:12:24','2015-10-30 13:31:33'),(8,'Slide Show Slider','<section class=\"slider slider2\">','</section>',0,'2015-09-06 17:36:48','2015-09-26 17:34:32'),(9,'Product Slider','<section class=\"slider10\"><a href=\"#\" class=\"prev\">Previous</a> <a href=\"#\" class=\"next\">Next</a>','</section>',0,'2015-09-06 17:58:25','2015-09-26 17:34:40'),(10,'Potfolio Slider','<section class=\"content\"><section class=\"portfolio-slider slider\">','</section>',0,'2015-09-06 18:16:50','2015-09-26 17:34:45');
/*!40000 ALTER TABLE `config_slide` ENABLE KEYS */;
UNLOCK TABLES;

--
-- Table structure for table `config_slide_detail`
--

DROP TABLE IF EXISTS `config_slide_detail`;
/*!40101 SET @saved_cs_client     = @@character_set_client */;
/*!40101 SET character_set_client = utf8 */;
CREATE TABLE `config_slide_detail` (
  `id` int(11) NOT NULL AUTO_INCREMENT,
  `name_column` varchar(45) DEFAULT NULL,
  `value_column` text,
  `status` int(11) DEFAULT '0',
  `slide_id` int(11) DEFAULT NULL,
  `created_at` timestamp NULL DEFAULT CURRENT_TIMESTAMP,
  `updated_at` timestamp NULL DEFAULT CURRENT_TIMESTAMP,
  PRIMARY KEY (`id`)
) ENGINE=InnoDB AUTO_INCREMENT=47 DEFAULT CHARSET=utf8;
/*!40101 SET character_set_client = @saved_cs_client */;

--
-- Dumping data for table `config_slide_detail`
--

LOCK TABLES `config_slide_detail` WRITE;
/*!40000 ALTER TABLE `config_slide_detail` DISABLE KEYS */;
INSERT INTO `config_slide_detail` VALUES (1,'slider_1','<?xml version=\"1.0\" encoding=\"UTF-8\"?>\n<article>\n   <img src=\"images/temp/slider1-image-01.jpg\" alt=\"\"/>\n   <div>\n      <h3>\n         <strong>Most</strong>\n         Customizable Template Ever\n      </h3>\n      <p>MultiPurpose\'s goal is to help you build unique and modern websites fast, easy and with the lowest cost possible. With MultiPurpose you can create many unique style websites for differends needs and purposes. For example business website, magazine, shop, hotel and so much more.</p>\n      <p class=\"cta\">\n         <a href=\"#\" class=\"button\">Buy now</a>\n         <a href=\"#\">Learn more</a>\n      </p>\n   </div>\n</article>\n',1,1,'2015-09-06 06:24:21','2015-10-08 16:06:33'),(2,'slider_2','<?xml version=\"1.0\" encoding=\"UTF-8\"?>\n<article>\n  <img src=\"images/temp/slider1-image-02.jpg\" alt=\"\"/>\n  <div>\n    <h3>\n      <strong>Build</strong>\n      Better Websites with MultiPurpose\n    </h3>\n    <p>Create fast your unique website with easy steps. Choose one top header style, header menu, slider type, color, pattern or frame, font,  boxed or wide version. Build your content using tons of different widgets and elements or choose one from predefinied page skin.</p>\n    <p class=\"cta\">\n      <a href=\"#\" class=\"button\">Buy now</a>\n      <a href=\"#\">Learn more</a>\n    </p>\n  </div>\n</article>\n',1,1,'2015-09-06 08:02:22','2015-09-07 23:34:19'),(3,'slider_3','<?xml version=\"1.0\" encoding=\"UTF-8\"?>\n<article>\n  <img src=\"images/temp/slider1-image-03.jpg\" alt=\"\"/>\n  <div>\n    <h3>\n      <strong>Tons</strong>\n      of The Outstanding Features\n    </h3>\n    <p>It\'s probably the most customizable template in the world. Super premium clean and clear, ultra profesionall, multipurpose, detail oriented design made by experienced top award winning designers. MultiPurpose can be used to create literally ANY Type of Website.</p>\n    <p class=\"cta\">\n      <a href=\"#\" class=\"button\">Not now!</a>\n      <a href=\"#\">Learn more</a>\n    </p>\n  </div>\n</article>\n',1,1,'2015-09-06 08:06:46','2015-09-07 23:22:26'),(4,'slider_4','<?xml version=\"1.0\" encoding=\"UTF-8\"?>\n<article>\n  <img src=\"images/temp/slider1-image-04.jpg\" alt=\"\"/>\n  <div>\n    <h3>\n      <strong>The</strong>\n      Only Limit is Your Imagination\n    </h3>\n    <p>Order MultiPurpose Today and we will give you lot of addons to the theme, 100% Free! Build Websites With The Lowest Cost Possible. MultiPurpose is one and the only theme with unlimited possibilities.</p>\n    <p class=\"cta\">\n      <a href=\"#\" class=\"button\">Not now!</a>\n      <a href=\"#\">Learn more</a>\n    </p>\n  </div>\n</article>\n',1,1,'2015-09-06 08:08:55','2015-09-07 23:31:16'),(5,'slider_5','<?xml version=\"1.0\" encoding=\"UTF-8\"?>\n<article>\n  <img src=\"images/temp/slider1-image-05.jpg\" alt=\"\"/>\n  <div>\n    <h3>\n      <strong>Ultra</strong>\n      Flexible\n    </h3>\n    <p>We are constantly working to improve the theme with new features according to customers feedback, so feel free to contact us if you need some more useful features or subpages! Multipurpose is probably the most customizable theme ever has released.</p>\n    <p class=\"cta\">\n      <a href=\"#\" class=\"button\">Not now!</a>\n      <a href=\"#\">Learn more</a>\n    </p>\n  </div>\n</article>\n',1,1,'2015-09-06 08:10:32','2015-09-07 23:31:19'),(6,'slider_1','<?xml version=\"1.0\" encoding=\"UTF-8\"?>\n<article>\n  <img src=\"images/temp/94.jpg\" alt=\"\"/>\n  <div>\n    <div>\n      <h3>\n        <strong>Modern</strong>\n        and fresh\n      </h3>\n      <p>Integer tincidunt. Cras dapibus. Vivamus elementum semper nisi. Aenean vulputate eleifend tellus. Aenean leo ligula, porttitor eu, consequat vitae, eleifend ac, enim. Aliquam lorem ante, dapibus in, viverra quis, feugiat a, tellus.</p>\n      <p>\n        <a href=\"#\" class=\"cta\">View Project</a>\n      </p>\n    </div>\n  </div>\n</article>\n',1,2,'2015-09-06 08:27:58','2015-10-08 16:06:47'),(7,'slider_2','<?xml version=\"1.0\" encoding=\"UTF-8\"?>\n<article>\n  <img src=\"images/temp/94-2.jpg\" alt=\"\"/>\n  <div>\n    <div>\n      <h3>Some other title</h3>\n      <p>Integer tincidunt. Cras dapibus. Vivamus elementum semper nisi. Aenean vulputate eleifend tellus. Aenean leo ligula, porttitor eu, consequat vitae, eleifend ac, enim. Aliquam lorem ante, dapibus in, viverra quis, feugiat a, tellus.</p>\n      <p>\n        <a href=\"#\" class=\"cta\">View Project</a>\n      </p>\n    </div>\n  </div>\n</article>\n',1,2,'2015-09-06 08:32:23','2015-10-08 11:07:24'),(8,'slider_3','<?xml version=\"1.0\" encoding=\"UTF-8\"?>\n<article>\n  <img src=\"images/temp/94-3.jpg\" alt=\"\"/>\n  <div>\n    <div>\n      <h3>Suitable for most businesses</h3>\n      <p>Integer tincidunt. Cras dapibus. Vivamus elementum semper nisi. Aenean vulputate eleifend tellus. Aenean leo ligula, porttitor eu, consequat vitae, eleifend ac, enim. Aliquam lorem ante, dapibus in, viverra quis, feugiat a, tellus.</p>\n      <p>\n        <a href=\"#\" class=\"cta\">View Project</a>\n      </p>\n    </div>\n  </div>\n</article>\n',1,2,'2015-09-06 08:35:08','2015-09-06 08:35:08'),(9,'slider_4','<?xml version=\"1.0\" encoding=\"UTF-8\"?>\n<article>\n  <img src=\"images/temp/94-4.jpg\" alt=\"\"/>\n  <div>\n    <div>\n      <h3>Highly customizable</h3>\n      <p>Integer tincidunt. Cras dapibus. Vivamus elementum semper nisi. Aenean vulputate eleifend tellus. Aenean leo ligula, porttitor eu, consequat vitae, eleifend ac, enim. Aliquam lorem ante, dapibus in, viverra quis, feugiat a, tellus.</p>\n      <p>\n        <a href=\"#\" class=\"cta\">View Project</a>\n      </p>\n    </div>\n  </div>\n</article>\n',1,2,'2015-09-06 08:39:24','2015-09-06 08:39:24'),(10,'slider_5','<?xml version=\"1.0\" encoding=\"UTF-8\"?>\n<article>\n  <img src=\"images/temp/94-5.jpg\" alt=\"\"/>\n  <div>\n    <div>\n      <h3>Responsive and good looking</h3>\n      <p>Integer tincidunt. Cras dapibus. Vivamus elementum semper nisi. Aenean vulputate eleifend tellus. Aenean leo ligula, porttitor eu, consequat vitae, eleifend ac, enim. Aliquam lorem ante, dapibus in, viverra quis, feugiat a, tellus.</p>\n      <p>\n        <a href=\"#\" class=\"cta\">View Project</a>\n      </p>\n    </div>\n  </div>\n</article>\n',1,2,'2015-09-06 08:41:15','2015-09-06 08:41:15'),(11,'slider_1','<?xml version=\"1.0\" encoding=\"UTF-8\"?>\n<article>\n  <div>\n    <h3>Responsive Smooth for All Devices</h3>\n    <p>Ultra Smooth 100% Responsive Design guarantees perfect looking in all resolutions and devices.</p>\n    <p class=\"more\">\n      <a href=\"#\">Read more</a>\n    </p>\n  </div>\n  <img src=\"images/temp/landing-slider-image01.png\" alt=\"\"/>\n</article>\n',1,3,'2015-09-06 08:50:33','2015-09-26 05:01:01'),(12,'slider_2','<?xml version=\"1.0\" encoding=\"UTF-8\"?>\n<article>\n  <div>\n    <h3>Sell Your Book Easily</h3>\n    <p>PSD files with slides of book, box, mobiles and tablets are included in the package.</p>\n    <p class=\"more\">\n      <a href=\"#\">Read more</a>\n    </p>\n  </div>\n  <img src=\"images/temp/landing-slider-image02.png\" alt=\"\"/>\n</article>\n',1,3,'2015-09-06 08:52:57','2015-09-06 08:52:57'),(13,'slider_3','<?xml version=\"1.0\" encoding=\"UTF-8\"?>\n<article>\n  <div>\n    <h3>Sell Your Product Easily</h3>\n    <p>You can create similar box with your product details thanks to PSD files and instructions we are providing.</p>\n    <p class=\"more\">\n      <a href=\"#\">Read more</a>\n    </p>\n  </div>\n  <img src=\"images/temp/landing-slider-image03.png\" alt=\"\"/>\n</article>\n',1,3,'2015-09-06 08:54:27','2015-09-06 08:54:27'),(14,'slider_1','<?xml version=\"1.0\" encoding=\"UTF-8\"?>\n<article>\n   <div class=\"img-border\">\n      <img src=\"images/temp/96.jpg\" alt=\"\"/>\n   </div>\n   <h3>Some description of the content</h3>\n</article>\n',1,4,'2015-09-06 10:33:02','2015-09-26 05:11:11'),(15,'slider_2','<?xml version=\"1.0\" encoding=\"UTF-8\"?>\n<article>\n   <div class=\"img-border\">\n      <img src=\"images/temp/96-2.jpg\" alt=\"\"/>\n   </div>\n   <h3>Other text</h3>\n</article>\n',1,4,'2015-09-06 10:37:54','2015-09-06 10:37:54'),(16,'slider_3','<?xml version=\"1.0\" encoding=\"UTF-8\"?>\n<article>\n   <div class=\"img-border\">\n      <img src=\"images/temp/96-3.jpg\" alt=\"\"/>\n   </div>\n   <h3>Content, content, content everywhere</h3>\n</article>\n',1,4,'2015-09-06 10:39:19','2015-09-06 10:39:19'),(17,'slider_4','<?xml version=\"1.0\" encoding=\"UTF-8\"?>\n<article>\n   <div class=\"img-border\">\n      <img src=\"images/temp/96-4.jpg\" alt=\"\"/>\n   </div>\n   <h3>Some reading</h3>\n</article>\n',1,4,'2015-09-06 10:42:27','2015-09-06 10:42:27'),(18,'slider_5','<?xml version=\"1.0\" encoding=\"UTF-8\"?>\n<article>\n   <div class=\"img-border\">\n      <img src=\"images/temp/96-5.jpg\" alt=\"\"/>\n   </div>\n   <h3>Good news!</h3>\n</article>\n',1,4,'2015-09-06 10:43:30','2015-09-06 10:43:30'),(20,'slider_1','<?xml version=\"1.0\" encoding=\"UTF-8\"?>\n<article>\n  <div class=\"img\">\n    <img src=\"images/temp/104.jpg\" alt=\"\"/>\n  </div>\n  <div class=\"text\">\n    <h3>Modern and fresh, clean and premium</h3>\n    <p>Lorem ipsum dolor sit amet, consectetuer adipiscing elit. Aenean commodo ligula eget dolor. Aenean massa. Cum sociis natoque penatibus et agnis dis parturient montes</p>\n    <p>\n      <a href=\"#\">Learn more</a>\n    </p>\n  </div>\n</article>\n',1,5,'2015-09-06 16:15:02','2015-09-26 05:31:58'),(21,'slider_2','<?xml version=\"1.0\" encoding=\"UTF-8\"?>\n<article>\n  <div class=\"img\">\n    <img src=\"images/temp/slider9-image02.jpg\" alt=\"\"/>\n  </div>\n  <div class=\"text\">\n    <h3>Some other title</h3>\n    <p>Lorem ipsum dolor sit amet, consectetuer adipiscing elit. Aenean commodo ligula eget dolor. Aenean massa. Cum sociis natoque penatibus et agnis dis parturient montes</p>\n    <p>\n      <a href=\"#\">Learn more</a>\n    </p>\n  </div>\n</article>\n',1,5,'2015-09-06 16:19:28','2015-09-26 05:39:04'),(22,'slider_3','<?xml version=\"1.0\" encoding=\"UTF-8\"?>\r <article>\r   <div class=\"img\">\r     <div class=\"video\">\r       <iframe src=\"http://player.vimeo.com/video/51033950\" width=\"610\" height=\"360\">   </iframe>\r     </div>\r   </div>\r   <div class=\"text\">\r     <h3>Suitable for most businesses</h3>\r     <p>Lorem ipsum dolor sit amet, consectetuer adipiscing elit. Aenean commodo ligula eget dolor. Aenean massa. Cum sociis natoque penatibus et agnis dis parturient montes</p>\r     <p>\r       <a href=\"#\">Learn more</a>\r     </p>\r   </div>\r </article>\r ',1,5,'2015-09-06 16:22:23','2015-09-26 07:56:28'),(23,'slider_4','<?xml version=\"1.0\" encoding=\"UTF-8\"?>\n<article>\n  <div class=\"img\">\n    <img src=\"images/temp/slider9-image03.jpg\" alt=\"\"/>\n  </div>\n  <div class=\"text\">\n    <h3>Highly customizable</h3>\n    <p>Lorem ipsum dolor sit amet, consectetuer adipiscing elit. Aenean commodo ligula eget dolor. Aenean massa. Cum sociis natoque penatibus et agnis dis parturient montes</p>\n    <p>\n      <a href=\"#\">Learn more</a>\n    </p>\n  </div>\n</article>\n',1,5,'2015-09-06 16:28:15','2015-09-26 05:39:34'),(24,'slider_5','<?xml version=\"1.0\" encoding=\"UTF-8\"?>\n<article>\n  <div class=\"img\">\n    <img src=\"images/temp/slider9-image04.jpg\" alt=\"\"/>\n  </div>\n  <div class=\"text\">\n    <h3>Responsive and good looking</h3>\n    <p>Lorem ipsum dolor sit amet, consectetuer adipiscing elit. Aenean commodo ligula eget dolor. Aenean massa. Cum sociis natoque penatibus et agnis dis parturient montes</p>\n    <p>\n      <a href=\"#\">Learn more</a>\n    </p>\n  </div>\n</article>\n',1,5,'2015-09-06 16:32:11','2015-09-26 05:39:43'),(25,'slider_6','<?xml version=\"1.0\" encoding=\"UTF-8\"?>\n<article>\n  <div class=\"img\">\n    <img src=\"images/temp/slider9-image05.jpg\" alt=\"\"/>\n  </div>\n  <div class=\"text\">\n    <h3>Responsive and good looking</h3>\n    <p>Lorem ipsum dolor sit amet, consectetuer adipiscing elit. Aenean commodo ligula eget dolor. Aenean massa. Cum sociis natoque penatibus et agnis dis parturient montes</p>\n    <p>\n      <a href=\"#\">Learn more</a>\n    </p>\n  </div>\n</article>\n',1,5,'2015-09-06 16:34:10','2015-09-26 05:39:52'),(26,'slider_1','<?xml version=\"1.0\" encoding=\"UTF-8\"?>\n<article>\n  <div>\n    <div>\n      <span class=\"img-border\">\n        <img src=\"images/temp/93.jpg\" alt=\"\"/>\n      </span>\n    </div>\n  </div>\n  <h3>Modern and fresh, clean and premium</h3>\n  <p>Donec quam felis, ultricies nec, pellentesque eu, pretium quis</p>\n  <p>\n    <a href=\"#\" class=\"button\">Buy now</a>\n    <span class=\"more\">\n      <a href=\"#\">Learn more</a>\n    </span>\n  </p>\n</article>\n',1,6,'2015-09-06 16:44:41','2015-09-26 04:12:35'),(27,'slider_2','<?xml version=\"1.0\" encoding=\"UTF-8\"?>\n<article>\n  <div>\n    <div>\n      <span class=\"img-border\">\n        <img src=\"images/temp/93-2.jpg\" alt=\"\"/>\n      </span>\n    </div>\n  </div>\n  <h3>Some other title</h3>\n  <p>Content must be different for anybody to see the slides are changing</p>\n  <p>\n    <a href=\"#\" class=\"button\">Buy now</a>\n    <span class=\"more\">\n      <a href=\"#\">Learn more</a>\n    </span>\n  </p>\n</article>\n',1,6,'2015-09-06 16:51:38','2015-09-06 16:51:38'),(28,'slider_3','<?xml version=\"1.0\" encoding=\"UTF-8\"?>\n<article>\n  <div>\n    <div>\n      <span class=\"img-border\">\n        <img src=\"images/temp/93-3.jpg\" alt=\"\"/>\n      </span>\n    </div>\n  </div>\n  <h3>Suitable for most businesses</h3>\n  <p>Nulla consequat massa quis enim. Donec pede justo, fringilla vel, aliquet nec, vulputate eget, arcu.</p>\n  <p>\n    <a href=\"#\" class=\"button\">Buy now</a>\n    <span class=\"more\">\n      <a href=\"#\">Learn more</a>\n    </span>\n  </p>\n</article>\n',1,6,'2015-09-06 17:01:15','2015-09-06 17:01:15'),(29,'slider_4','<?xml version=\"1.0\" encoding=\"UTF-8\"?>\n<article>\n  <div>\n    <div>\n      <span class=\"img-border\">\n        <img src=\"images/temp/93-4.jpg\" alt=\"\"/>\n      </span>\n    </div>\n  </div>\n  <h3>Highly customizable</h3>\n  <p>Nulla consequat massa quis enim. Donec pede justo, fringilla vel, aliquet nec, vulputate eget, arcu.</p>\n  <p>\n    <a href=\"#\" class=\"button\">Buy now</a>\n    <span class=\"more\">\n      <a href=\"#\">Learn more</a>\n    </span>\n  </p>\n</article>\n',1,6,'2015-09-06 17:03:37','2015-09-06 17:03:37'),(30,'slider_5','<?xml version=\"1.0\" encoding=\"UTF-8\"?>\n<article>\n  <div>\n    <div>\n      <span class=\"img-border\">\n        <img src=\"images/temp/93-5.jpg\" alt=\"\"/>\n      </span>\n    </div>\n  </div>\n  <h3>Responsive and good looking</h3>\n  <p>Donec quam felis, ultricies nec, pellentesque eu, pretium quis, sem.</p>\n  <p>\n    <a href=\"#\" class=\"button\">Buy now</a>\n    <span class=\"more\">\n      <a href=\"#\">Learn more</a>\n    </span>\n  </p>\n</article>\n',1,6,'2015-09-06 17:07:07','2015-09-06 17:07:07'),(31,'slider_1','<?xml version=\"1.0\" encoding=\"UTF-8\"?>\r <article>\r   <div>\r     <div class=\"video\">\r       <iframe src=\"http://player.vimeo.com/video/51033950\" width=\"580\" height=\"326\">  </iframe>\r     </div>\r   </div>\r   <h3>Modern and Fresh, Clean and Premium</h3>\r   <p>Donec quam felis, ultricies nec, pellentesque eu, pretium quis</p>\r   <p>Nulla consequat massa quis enim. Donec pede justo, fringilla vel, aliquet nec, vulputate eget, arcu.</p>\r   <p>\r     <a href=\"http://themeforest.net/user/ThemeMotive?ref=ThemeMotive\" class=\"button\">Buy now</a>\r   </p>\r </article>\r ',1,7,'2015-09-06 17:13:01','2015-09-26 16:27:07'),(32,'slider_2','<?xml version=\"1.0\" encoding=\"UTF-8\"?>\n<article>\n  <div>\n    <span>\n      <span class=\"img-border\">\n        <img src=\"images/temp/slider3-image01.jpg\" alt=\"\"/>\n      </span>\n    </span>\n  </div>\n  <h3>Build Better Websites</h3>\n  <p>Content must be different for anybody to see the slides are changing</p>\n  <p>\n    <a href=\"http://themeforest.net/user/ThemeMotive?ref=ThemeMotive\" class=\"button\">Buy now</a>\n  </p>\n</article>\n',1,7,'2015-09-06 17:16:53','2015-09-06 17:16:53'),(33,'slider_3','<?xml version=\"1.0\" encoding=\"UTF-8\"?>\n<article>\n  <div>\n    <span>\n      <span class=\"img-border\">\n        <img src=\"images/temp/slider3-image02.jpg\" alt=\"\"/>\n      </span>\n    </span>\n  </div>\n  <h3>Ready for most businesses</h3>\n  <p>Donec quam felis, ultricies nec, pellentesque eu, pretium quis, sem.</p>\n  <p>Nulla consequat massa quis enim. Donec pede justo, fringilla vel, aliquet nec, vulputate eget, arcu.</p>\n  <p>\n    <a href=\"http://themeforest.net/user/ThemeMotive?ref=ThemeMotive\" class=\"button\">Buy now</a>\n  </p>\n</article>\n',1,7,'2015-09-06 17:19:54','2015-09-06 17:19:54'),(34,'slider_4','<?xml version=\"1.0\" encoding=\"UTF-8\"?>\n<article>\n  <div>\n    <span>\n      <span class=\"img-border\">\n        <img src=\"images/temp/slider3-image03.jpg\" alt=\"\"/>\n      </span>\n    </span>\n  </div>\n  <h3>Ultra Customizable</h3>\n  <p>Donec quam felis, ultricies nec, pellentesque eu, pretium quis, sem.</p>\n  <p>Nulla consequat massa quis enim. Donec pede justo, fringilla vel, aliquet nec, vulputate eget, arcu.</p>\n  <p>\n    <a href=\"http://themeforest.net/user/ThemeMotive?ref=ThemeMotive\" class=\"button\">Buy now</a>\n  </p>\n</article>\n',1,7,'2015-09-06 17:21:37','2015-09-06 17:21:37'),(35,'slider_5','<?xml version=\"1.0\" encoding=\"UTF-8\"?>\n<article>\n  <div>\n    <span>\n      <span class=\"img-border\">\n        <img src=\"images/temp/slider3-image03.jpg\" alt=\"\"/>\n      </span>\n    </span>\n  </div>\n  <h3>Smooth Responsive</h3>\n  <p>Donec quam felis, ultricies nec, pellentesque eu, pretium quis, sem.</p>\n  <p>\n    <a href=\"http://themeforest.net/user/ThemeMotive?ref=ThemeMotive\" class=\"button\">Buy now</a>\n  </p>\n</article>\n',1,7,'2015-09-06 17:23:35','2015-09-06 17:23:35'),(36,'slider_1','<?xml version=\"1.0\" encoding=\"UTF-8\"?>\n<article>\n  <img src=\"images/temp/slider2-image01.jpg\" alt=\"\"/>\n  <div>\n    <h3>Cum sociis natoque penatibus et magnis</h3>\n  </div>\n</article>\n',1,8,'2015-09-06 17:38:03','2015-09-26 04:13:55'),(37,'slider_2','<?xml version=\"1.0\" encoding=\"UTF-8\"?>\n<article>\n  <img src=\"images/temp/slider2-image02.jpg\" alt=\"\"/>\n  <div>\n    <h3>Nullam dictum felis eu pede mollis pretium</h3>\n  </div>\n</article>\n',1,8,'2015-09-06 17:39:41','2015-09-06 17:39:41'),(38,'slider_3','<?xml version=\"1.0\" encoding=\"UTF-8\"?>\n<article>\n  <img src=\"images/temp/slider2-image03.jpg\" alt=\"\"/>\n  <div>\n    <h3>Nullam dictum felis eu pede mollis pretium</h3>\n  </div>\n</article>\n',1,8,'2015-09-06 17:40:23','2015-09-06 17:40:23'),(39,'slider_4','<?xml version=\"1.0\" encoding=\"UTF-8\"?>\n<article>\n  <img src=\"images/temp/slider2-image04.jpg\" alt=\"\"/>\n  <div>\n    <h3>Nullam dictum felis eu pede mollis pretium</h3>\n  </div>\n</article>\n',1,8,'2015-09-06 17:41:37','2015-09-06 17:41:37'),(40,'slider_5','<?xml version=\"1.0\" encoding=\"UTF-8\"?>\n<article>\n  <img src=\"images/temp/slider2-image05.jpg\" alt=\"\"/>\n  <div>\n    <h3>Nullam dictum felis eu pede mollis pretium</h3>\n  </div>\n</article>\n',1,8,'2015-09-06 17:42:27','2015-09-06 17:42:27'),(41,'slider_1','<?xml version=\"1.0\" encoding=\"UTF-8\"?>\n<ul>\n  <li>\n    <a href=\"#\">\n      <span class=\"img-border\">\n        <img src=\"images/temp/101.jpg\" alt=\"\"/>\n      </span>\n    </a>\n  </li>\n  <li>\n    <a href=\"#\">\n      <span class=\"img-border\">\n        <img src=\"images/temp/102.jpg\" alt=\"\"/>\n      </span>\n    </a>\n  </li>\n  <li>\n    <a href=\"#\">\n      <span class=\"img-border\">\n        <img src=\"images/temp/103.jpg\" alt=\"\"/>\n      </span>\n    </a>\n  </li>\n  <li>\n    <a href=\"#\">\n      <span class=\"img-border\">\n        <img src=\"images/temp/slider10-image04.jpg\" alt=\"\"/>\n      </span>\n    </a>\n  </li>\n  <li>\n    <a href=\"#\">\n      <span class=\"img-border\">\n        <img src=\"images/temp/slider10-image05.jpg\" alt=\"\"/>\n      </span>\n    </a>\n  </li>\n  <li>\n    <a href=\"#\">\n      <span class=\"img-border\">\n        <img src=\"images/temp/slider10-image06.jpg\" alt=\"\"/>\n      </span>\n    </a>\n  </li>\n  <li>\n    <a href=\"#\">\n      <span class=\"img-border\">\n        <img src=\"images/temp/slider10-image07.jpg\" alt=\"\"/>\n      </span>\n    </a>\n  </li>\n</ul>\n',1,9,'2015-09-06 18:02:58','2015-09-26 04:35:41'),(42,'slider_42','<?xml version=\"1.0\" encoding=\"UTF-8\"?>\n<article>\n  <img src=\"images/temp/folio-slider-image1.jpg\" alt=\"\"/>\n  <div>\n    <h3>Some test title</h3>\n    <p>Ut enim ad minima veniam, quis nostrum exercitationem ullam corporis suscipit Ut enim ad minima veniam, quis nostrum exercitationem ullam corporis suscipit</p>\n  </div>\n</article>\n',1,10,'2015-09-06 18:18:06','2015-09-08 14:56:35'),(43,'slider_43','<?xml version=\"1.0\" encoding=\"UTF-8\"?>\n<article>\n  <img src=\"images/temp/folio-slider-image2.jpg\" alt=\"\"/>\n  <div>\n    <h3>Some other title</h3>\n    <p>Ut enim ad minima veniam, quis nostrum exercitationem ullam corporis suscipit Ut enim ad minima veniam, quis nostrum exercitationem ullam corporis suscipit</p>\n  </div>\n</article>\n',1,10,'2015-09-06 18:19:37','2015-09-06 18:19:37'),(44,'slider_44','<?xml version=\"1.0\" encoding=\"UTF-8\"?>\n<article>\n  <img src=\"images/temp/folio-slider-image3.jpg\" alt=\"\"/>\n  <div>\n    <h3>This is a title</h3>\n    <p>Ut enim ad minima veniam, quis nostrum exercitationem ullam corporis suscipit Ut enim ad minima veniam, quis nostrum exercitationem ullam corporis suscipit</p>\n  </div>\n</article>\n',1,10,'2015-09-06 18:23:01','2015-09-06 18:23:01'),(45,'slider_45','<?xml version=\"1.0\" encoding=\"UTF-8\"?>\n<article>\n  <img src=\"images/temp/folio-slider-image4.jpg\" alt=\"\"/>\n  <div>\n    <h3>No title here</h3>\n    <p>Ut enim ad minima veniam, quis nostrum exercitationem ullam corporis suscipit Ut enim ad minima veniam, quis nostrum exercitationem ullam corporis suscipit</p>\n  </div>\n</article>\n',1,10,'2015-09-06 18:23:36','2015-09-06 18:23:36'),(46,'slider_46','<?xml version=\"1.0\" encoding=\"UTF-8\"?>\n<article>\n  <img src=\"images/temp/folio-slider-image5.jpg\" alt=\"\"/>\n  <div>\n    <h3>Just kidding!</h3>\n    <p>Ut enim ad minima veniam, quis nostrum exercitationem ullam corporis suscipit Ut enim ad minima veniam, quis nostrum exercitationem ullam corporis suscipit</p>\n  </div>\n</article>\n',1,10,'2015-09-06 18:24:32','2015-09-26 04:36:26');
/*!40000 ALTER TABLE `config_slide_detail` ENABLE KEYS */;
UNLOCK TABLES;

--
-- Table structure for table `config_slide_detail_properties`
--

DROP TABLE IF EXISTS `config_slide_detail_properties`;
/*!40101 SET @saved_cs_client     = @@character_set_client */;
/*!40101 SET character_set_client = utf8 */;
CREATE TABLE `config_slide_detail_properties` (
  `id_key` int(11) NOT NULL AUTO_INCREMENT,
  `key_column` varchar(200) DEFAULT NULL,
  `value_column` text,
  `type_column` varchar(45) DEFAULT NULL,
  `id_ref` int(11) DEFAULT NULL,
  `created_at` timestamp NULL DEFAULT CURRENT_TIMESTAMP,
  `updated_at` timestamp NULL DEFAULT CURRENT_TIMESTAMP,
  PRIMARY KEY (`id_key`)
) ENGINE=InnoDB AUTO_INCREMENT=331 DEFAULT CHARSET=utf8;
/*!40101 SET character_set_client = @saved_cs_client */;

--
-- Dumping data for table `config_slide_detail_properties`
--

LOCK TABLES `config_slide_detail_properties` WRITE;
/*!40000 ALTER TABLE `config_slide_detail_properties` DISABLE KEYS */;
INSERT INTO `config_slide_detail_properties` VALUES (2,'->div[0]->h3[0]','Customizable Template Ever','text',1,'2015-09-06 06:24:21','2015-09-07 23:29:35'),(3,'->div[0]->h3[0]->strong[0]','Most','text',1,'2015-09-06 06:24:21','2015-09-07 23:29:35'),(4,'->div[0]->p[0]','MultiPurpose\'s goal is to help you build unique and modern websites fast, easy and with the lowest cost possible. With MultiPurpose you can create many unique style websites for differends needs and purposes. For example business website, magazine, shop, hotel and so much more.','text',1,'2015-09-06 06:24:21','2015-09-07 23:29:35'),(6,'->div[0]->p[1]->a[0]','Buy now','text',1,'2015-09-06 06:24:21','2015-09-07 23:29:35'),(7,'->div[0]->p[1]->a[1]','Learn more','text',1,'2015-09-06 06:24:21','2015-09-07 23:29:35'),(8,'->img[0]->attributes()[\'src\']','upload/media/64_slider1-image-01.jpg','image',1,'2015-09-06 06:24:21','2015-09-07 23:29:35'),(10,'->div[0]->h3[0]','\n      \n      Better Websites with MultiPurpose\n','text',2,'2015-09-06 08:02:22','2015-09-07 23:33:59'),(11,'->div[0]->h3[0]->strong[0]','Build','text',2,'2015-09-06 08:02:22','2015-09-07 23:33:59'),(12,'->div[0]->p[0]','Create fast your unique website with easy steps. Choose one top header style, header menu, slider type, color, pattern or frame, font,  boxed or wide version. Build your content using tons of different widgets and elements or choose one from predefinied page skin.','text',2,'2015-09-06 08:02:22','2015-09-07 23:33:59'),(14,'->div[0]->p[0]->a[0]','Buy now','text',2,'2015-09-06 08:02:22','2015-09-07 23:33:59'),(15,'->div[0]->p[0]->a[1]','Learn more','text',2,'2015-09-06 08:02:23','2015-09-07 23:33:59'),(16,'->img[0]->attributes()[\'src\']','upload/media/63_slider1-image-02.jpg','image',2,'2015-09-06 08:02:23','2015-09-07 23:33:59'),(18,'->div[0]->h3[0]','\n      \n      of The Outstanding Features\n','text',3,'2015-09-06 08:06:46','2015-09-07 23:32:09'),(19,'->div[0]->h3[0]->strong[0]','Tons','text',3,'2015-09-06 08:06:46','2015-09-07 23:32:09'),(20,'->div[0]->p[0]','It\'s probably the most customizable template in the world. Super premium clean and clear, ultra profesionall, multipurpose, detail oriented design made by experienced top award winning designers. MultiPurpose can be used to create literally ANY Type of Website.','text',3,'2015-09-06 08:06:47','2015-09-07 23:32:09'),(22,'->div[0]->p[1]->a[0]','Not now!','text',3,'2015-09-06 08:06:47','2015-09-07 23:32:09'),(23,'->div[0]->p[1]->a[1]','Learn more','text',3,'2015-09-06 08:06:47','2015-09-07 23:32:10'),(24,'->img[0]->attributes()[\'src\']','upload/media/65_slider1-image-03.jpg','image',3,'2015-09-06 08:06:47','2015-09-07 23:32:10'),(26,'->div[0]->h3[0]','\n      \n      Only Limit is Your Imagination\n','text',4,'2015-09-06 08:08:55','2015-09-07 23:50:52'),(27,'->div[0]->h3[0]->strong[0]','The','text',4,'2015-09-06 08:08:55','2015-09-07 23:50:52'),(28,'->div[0]->p[0]','Order MultiPurpose Today and we will give you lot of addons to the theme, 100% Free! Build Websites With The Lowest Cost Possible. MultiPurpose is one and the only theme with unlimited possibilities.','text',4,'2015-09-06 08:08:55','2015-09-07 23:50:52'),(30,'->div[0]->p[1]->a[0]','Not now!','text',4,'2015-09-06 08:08:56','2015-09-07 23:50:52'),(31,'->div[0]->p[1]->a[1]','Learn more','text',4,'2015-09-06 08:08:56','2015-09-07 23:50:52'),(32,'->img[0]->attributes()[\'src\']','upload/media/67_slider1-image-04.jpg','image',4,'2015-09-06 08:08:56','2015-09-07 23:50:52'),(34,'->div[0]->h3[0]','\n      \n      Flexible\n','text',5,'2015-09-06 08:10:32','2015-09-07 23:30:32'),(35,'->div[0]->h3[0]->strong[0]','Ultra','text',5,'2015-09-06 08:10:32','2015-09-07 23:30:32'),(36,'->div[0]->p[0]','We are constantly working to improve the theme with new features according to customers feedback, so feel free to contact us if you need some more useful features or subpages! Multipurpose is probably the most customizable theme ever has released.','text',5,'2015-09-06 08:10:32','2015-09-07 23:30:32'),(38,'->div[0]->p[1]->a[0]','Not now!','text',5,'2015-09-06 08:10:32','2015-09-07 23:30:32'),(39,'->div[0]->p[1]->a[1]','Learn more','text',5,'2015-09-06 08:10:32','2015-09-07 23:30:32'),(40,'->img[0]->attributes()[\'src\']','upload/media/66_slider1-image-05-wp.jpg','image',5,'2015-09-06 08:10:32','2015-09-07 23:30:32'),(43,'->div[0]->div[0]->h3[0]','\n        \n        and fresh\n','text',6,'2015-09-06 08:27:59','2015-09-26 04:11:43'),(44,'->div[0]->div[0]->h3[0]->strong[0]','Modern','text',6,'2015-09-06 08:27:59','2015-09-26 04:11:43'),(45,'->div[0]->div[0]->p[0]','Integer tincidunt. Cras dapibus. Vivamus elementum semper nisi. Aenean vulputate eleifend tellus. Aenean leo ligula, porttitor eu, consequat vitae, eleifend ac, enim. Aliquam lorem ante, dapibus in, viverra quis, feugiat a, tellus.','text',6,'2015-09-06 08:27:59','2015-09-26 04:11:43'),(47,'->div[0]->div[0]->p[1]->a[0]','View Project','text',6,'2015-09-06 08:27:59','2015-09-26 04:11:43'),(48,'->img[0]->attributes()[\'src\']','upload/media/68_94.jpg','image',6,'2015-09-06 08:27:59','2015-09-26 04:11:43'),(51,'->div[0]->div[0]->h3[0]','Some other title','text',7,'2015-09-06 08:32:23','2015-09-08 14:08:19'),(52,'->div[0]->div[0]->p[0]','Integer tincidunt. Cras dapibus. Vivamus elementum semper nisi. Aenean vulputate eleifend tellus. Aenean leo ligula, porttitor eu, consequat vitae, eleifend ac, enim. Aliquam lorem ante, dapibus in, viverra quis, feugiat a, tellus.','text',7,'2015-09-06 08:32:23','2015-09-08 14:08:19'),(54,'->div[0]->div[0]->p[1]->a[0]','View Project','text',7,'2015-09-06 08:32:23','2015-09-08 14:08:19'),(55,'->img[0]->attributes()[\'src\']','upload/media/71_94-4.jpg','image',7,'2015-09-06 08:32:23','2015-09-08 14:08:19'),(58,'->div[0]->div[0]->h3[0]','Suitable for most businesses','text',8,'2015-09-06 08:35:08','2015-09-08 14:08:34'),(59,'->div[0]->div[0]->p[0]','Integer tincidunt. Cras dapibus. Vivamus elementum semper nisi. Aenean vulputate eleifend tellus. Aenean leo ligula, porttitor eu, consequat vitae, eleifend ac, enim. Aliquam lorem ante, dapibus in, viverra quis, feugiat a, tellus.','text',8,'2015-09-06 08:35:09','2015-09-08 14:08:34'),(61,'->div[0]->div[0]->p[1]->a[0]','View Project','text',8,'2015-09-06 08:35:09','2015-09-08 14:08:35'),(62,'->img[0]->attributes()[\'src\']','upload/media/70_94-2.jpg','image',8,'2015-09-06 08:35:09','2015-09-08 14:08:35'),(72,'->div[0]->div[0]->h3[0]','Highly customizable','text',9,'2015-09-06 08:39:24','2015-09-08 14:15:27'),(73,'->div[0]->div[0]->p[0]','Integer tincidunt. Cras dapibus. Vivamus elementum semper nisi. Aenean vulputate eleifend tellus. Aenean leo ligula, porttitor eu, consequat vitae, eleifend ac, enim. Aliquam lorem ante, dapibus in, viverra quis, feugiat a, tellus.','text',9,'2015-09-06 08:39:24','2015-09-08 14:15:27'),(75,'->div[0]->div[0]->p[1]->a[0]','View Project','text',9,'2015-09-06 08:39:24','2015-09-08 14:15:27'),(76,'->img[0]->attributes()[\'src\']','upload/media/69_94-3.jpg','image',9,'2015-09-06 08:39:24','2015-09-08 14:15:28'),(79,'->div[0]->div[0]->h3[0]','Responsive and good looking','text',10,'2015-09-06 08:41:15','2015-09-08 14:09:49'),(80,'->div[0]->div[0]->p[0]','Integer tincidunt. Cras dapibus. Vivamus elementum semper nisi. Aenean vulputate eleifend tellus. Aenean leo ligula, porttitor eu, consequat vitae, eleifend ac, enim. Aliquam lorem ante, dapibus in, viverra quis, feugiat a, tellus.','text',10,'2015-09-06 08:41:15','2015-09-08 14:09:49'),(82,'->div[0]->div[0]->p[1]->a[0]','View Project','text',10,'2015-09-06 08:41:15','2015-09-08 14:09:49'),(83,'->img[0]->attributes()[\'src\']','upload/media/72_94-5.jpg','image',10,'2015-09-06 08:41:15','2015-09-08 14:09:49'),(85,'->div[0]->h3[0]','Responsive Smooth for All Devices','text',11,'2015-09-06 08:50:34','2015-09-08 14:16:51'),(86,'->div[0]->p[0]','Ultra Smooth 100% Responsive Design guarantees perfect looking in all resolutions and devices.','text',11,'2015-09-06 08:50:34','2015-09-08 14:16:51'),(88,'->div[0]->p[1]->a[0]','Read more','text',11,'2015-09-06 08:50:34','2015-09-08 14:16:51'),(89,'->img[0]->attributes()[\'src\']','upload/media/66_slider1-image-05-wp.jpg','image',11,'2015-09-06 08:50:34','2015-09-08 14:16:51'),(91,'->div[0]->h3[0]','Sell Your Book Easily','text',12,'2015-09-06 08:52:57','2015-09-08 14:17:05'),(92,'->div[0]->p[0]','PSD files with slides of book, box, mobiles and tablets are included in the package.','text',12,'2015-09-06 08:52:57','2015-09-08 14:17:05'),(94,'->div[0]->p[1]->a[0]','Read more','text',12,'2015-09-06 08:52:58','2015-09-08 14:17:05'),(95,'->img[0]->attributes()[\'src\']','upload/media/67_slider1-image-04.jpg','image',12,'2015-09-06 08:52:58','2015-09-08 14:17:05'),(97,'->div[0]->h3[0]','Sell Your Product Easily','text',13,'2015-09-06 08:54:27','2015-09-08 14:17:14'),(98,'->div[0]->p[0]','You can create similar box with your product details thanks to PSD files and instructions we are providing.','text',13,'2015-09-06 08:54:27','2015-09-08 14:17:14'),(100,'->div[0]->p[1]->a[0]','Read more','text',13,'2015-09-06 08:54:27','2015-09-08 14:17:14'),(101,'->img[0]->attributes()[\'src\']','upload/media/65_slider1-image-03.jpg','image',13,'2015-09-06 08:54:28','2015-09-08 14:17:14'),(103,'->h3[0]','Some description of the content','text',14,'2015-09-06 10:33:02','2015-09-08 14:21:51'),(104,'->div[0]->img[0]->attributes()[\'src\']','upload/media/77_96-4.jpg','image',14,'2015-09-06 10:33:02','2015-09-08 14:21:51'),(106,'->h3[0]','Other text','text',15,'2015-09-06 10:37:54','2015-09-08 14:22:02'),(107,'->div[0]->img[0]->attributes()[\'src\']','upload/media/76_96-5.jpg','image',15,'2015-09-06 10:37:54','2015-09-08 14:22:02'),(109,'->h3[0]','Content, content, content everywhere','text',16,'2015-09-06 10:39:19','2015-09-08 14:22:10'),(110,'->div[0]->img[0]->attributes()[\'src\']','upload/media/75_96-2.jpg','image',16,'2015-09-06 10:39:19','2015-09-08 14:22:10'),(112,'->h3[0]','Some reading','text',17,'2015-09-06 10:42:27','2015-09-08 14:22:24'),(113,'->div[0]->img[0]->attributes()[\'src\']','upload/media/74_96-3.jpg','image',17,'2015-09-06 10:42:28','2015-09-08 14:22:24'),(115,'->h3[0]','Good news!','text',18,'2015-09-06 10:43:30','2015-09-08 14:22:36'),(116,'->div[0]->img[0]->attributes()[\'src\']','upload/media/73_96.jpg','image',18,'2015-09-06 10:43:30','2015-09-08 14:22:37'),(117,'->h2[0]','\n      \n      egitero mobi porta lacus quam.\n','text',19,'2015-09-06 10:48:25','2015-09-06 10:48:25'),(118,'->h2[0]->strong[0]','Aenean interdum','text',19,'2015-09-06 10:48:25','2015-09-06 10:48:25'),(126,'->p[6]->button[0]','Submit','text',19,'2015-09-06 10:48:25','2015-09-06 10:48:25'),(129,'->div[1]->h3[0]','Modern and fresh, clean and premium','text',20,'2015-09-06 16:15:02','2015-09-08 14:26:58'),(130,'->div[1]->p[0]','Lorem ipsum dolor sit amet, consectetuer adipiscing elit. Aenean commodo ligula eget dolor. Aenean massa. Cum sociis natoque penatibus et agnis dis parturient montes','text',20,'2015-09-06 16:15:02','2015-09-08 14:26:58'),(132,'->div[1]->p[1]->a[0]','Learn more','text',20,'2015-09-06 16:15:02','2015-09-08 14:26:58'),(133,'->div[0]->img[0]->attributes()[\'src\']','upload/media/82_slider9-image05.jpg','image',20,'2015-09-06 16:15:02','2015-09-08 14:26:58'),(136,'->div[1]->h3[0]','Some other title','text',21,'2015-09-06 16:19:28','2015-09-08 14:27:17'),(137,'->div[1]->p[0]','Lorem ipsum dolor sit amet, consectetuer adipiscing elit. Aenean commodo ligula eget dolor. Aenean massa. Cum sociis natoque penatibus et agnis dis parturient montes','text',21,'2015-09-06 16:19:28','2015-09-08 14:27:17'),(139,'->div[1]->p[1]->a[0]','Learn more','text',21,'2015-09-06 16:19:28','2015-09-08 14:27:17'),(140,'->div[0]->img[0]->attributes()[\'src\']','upload/media/79_104.jpg','image',21,'2015-09-06 16:19:28','2015-09-08 14:27:17'),(144,'->div[1]->h3[0]','Suitable for most businesses','text',22,'2015-09-06 16:22:23','2015-09-26 16:22:08'),(145,'->div[1]->p[0]','Lorem ipsum dolor sit amet, consectetuer adipiscing elit. Aenean commodo ligula eget dolor. Aenean massa. Cum sociis natoque penatibus et agnis dis parturient montes','text',22,'2015-09-06 16:22:23','2015-09-26 16:22:08'),(147,'->div[1]->p[1]->a[0]','Learn more','text',22,'2015-09-06 16:22:24','2015-09-26 16:22:08'),(148,'->div[0]->div[0]->iframe[0]->attributes()[\'src\']','https://www.youtube.com/embed/UnKJL_ifwkk','video',22,'2015-09-06 16:24:59','2015-09-26 16:22:08'),(151,'->div[1]->h3[0]','Highly customizable','text',23,'2015-09-06 16:28:16','2015-09-08 14:27:42'),(152,'->div[1]->p[0]','Lorem ipsum dolor sit amet, consectetuer adipiscing elit. Aenean commodo ligula eget dolor. Aenean massa. Cum sociis natoque penatibus et agnis dis parturient montes','text',23,'2015-09-06 16:28:16','2015-09-08 14:27:42'),(154,'->div[1]->p[1]->a[0]','Learn more','text',23,'2015-09-06 16:28:16','2015-09-08 14:27:42'),(155,'->div[0]->img[0]->attributes()[\'src\']','upload/media/81_slider9-image031.jpg','image',23,'2015-09-06 16:28:16','2015-09-08 14:27:42'),(158,'->div[1]->h3[0]','Responsive and good looking','text',24,'2015-09-06 16:32:11','2015-09-08 14:27:54'),(159,'->div[1]->p[0]','Lorem ipsum dolor sit amet, consectetuer adipiscing elit. Aenean commodo ligula eget dolor. Aenean massa. Cum sociis natoque penatibus et agnis dis parturient montes','text',24,'2015-09-06 16:32:11','2015-09-08 14:27:54'),(161,'->div[1]->p[1]->a[0]','Learn more','text',24,'2015-09-06 16:32:11','2015-09-08 14:27:54'),(162,'->div[0]->img[0]->attributes()[\'src\']','upload/media/78_slider9-image02.jpg','image',24,'2015-09-06 16:32:11','2015-09-08 14:27:54'),(165,'->div[1]->h3[0]','Responsive and good looking','text',25,'2015-09-06 16:34:11','2015-09-08 14:28:05'),(166,'->div[1]->p[0]','Lorem ipsum dolor sit amet, consectetuer adipiscing elit. Aenean commodo ligula eget dolor. Aenean massa. Cum sociis natoque penatibus et agnis dis parturient montes','text',25,'2015-09-06 16:34:11','2015-09-08 14:28:05'),(168,'->div[1]->p[1]->a[0]','Learn more','text',25,'2015-09-06 16:34:11','2015-09-08 14:28:05'),(169,'->div[0]->img[0]->attributes()[\'src\']','upload/media/80_slider9-image04.jpg','image',25,'2015-09-06 16:34:11','2015-09-08 14:28:05'),(173,'->h3[0]','Modern and fresh, clean and premium','text',26,'2015-09-06 16:44:42','2015-09-08 14:35:13'),(174,'->p[0]','Donec quam felis, ultricies nec, pellentesque eu, pretium quis','text',26,'2015-09-06 16:44:42','2015-09-08 14:35:13'),(176,'->p[1]->a[0]','Buy now','text',26,'2015-09-06 16:44:42','2015-09-08 14:35:13'),(178,'->p[1]->span[0]->a[0]','Learn more','text',26,'2015-09-06 16:44:42','2015-09-08 14:35:13'),(179,'->div[0]->div[0]->span[0]->img[0]->attributes()[\'src\']','upload/media/82_slider9-image05.jpg','image',26,'2015-09-06 16:47:36','2015-09-08 14:35:13'),(183,'->h3[0]','Some other title','text',27,'2015-09-06 16:51:39','2015-09-08 14:31:33'),(184,'->p[0]','Content must be different for anybody to see the slides are changing','text',27,'2015-09-06 16:51:39','2015-09-08 14:31:33'),(186,'->p[1]->a[0]','Buy now','text',27,'2015-09-06 16:51:39','2015-09-08 14:31:33'),(188,'->p[1]->span[0]->a[0]','Learn more','text',27,'2015-09-06 16:51:39','2015-09-08 14:31:34'),(189,'->div[0]->div[0]->span[0]->img[0]->attributes()[\'src\']','upload/media/80_slider9-image04.jpg','image',27,'2015-09-06 16:57:11','2015-09-08 14:31:34'),(193,'->h3[0]','Suitable for most businesses','text',28,'2015-09-06 17:01:15','2015-09-08 14:31:46'),(194,'->p[0]','Nulla consequat massa quis enim. Donec pede justo, fringilla vel, aliquet nec, vulputate eget, arcu.','text',28,'2015-09-06 17:01:15','2015-09-08 14:31:47'),(196,'->p[1]->a[0]','Buy now','text',28,'2015-09-06 17:01:16','2015-09-08 14:31:47'),(198,'->p[1]->span[0]->a[0]','Learn more','text',28,'2015-09-06 17:01:16','2015-09-08 14:31:47'),(199,'->div[0]->div[0]->span[0]->img[0]->attributes()[\'src\']','upload/media/81_slider9-image031.jpg','image',28,'2015-09-06 17:02:08','2015-09-08 14:31:47'),(203,'->h3[0]','Highly customizable','text',29,'2015-09-06 17:03:37','2015-09-08 14:32:00'),(204,'->p[0]','Nulla consequat massa quis enim. Donec pede justo, fringilla vel, aliquet nec, vulputate eget, arcu.','text',29,'2015-09-06 17:03:37','2015-09-08 14:32:00'),(206,'->p[1]->a[0]','Buy now','text',29,'2015-09-06 17:03:37','2015-09-08 14:32:00'),(208,'->p[1]->span[0]->a[0]','Learn more','text',29,'2015-09-06 17:03:37','2015-09-08 14:32:00'),(209,'->div[0]->div[0]->span[0]->img[0]->attributes()[\'src\']','upload/media/79_104.jpg','image',29,'2015-09-06 17:04:21','2015-09-08 14:32:00'),(213,'->h3[0]','Responsive and good looking','text',30,'2015-09-06 17:07:07','2015-09-08 14:32:49'),(214,'->p[0]','Donec quam felis, ultricies nec, pellentesque eu, pretium quis, sem.','text',30,'2015-09-06 17:07:07','2015-09-08 14:32:49'),(216,'->p[1]->a[0]','Buy now','text',30,'2015-09-06 17:07:07','2015-09-08 14:32:49'),(218,'->p[1]->span[0]->a[0]','Learn more','text',30,'2015-09-06 17:07:07','2015-09-08 14:32:49'),(219,'->div[0]->div[0]->span[0]->img[0]->attributes()[\'src\']','upload/media/78_slider9-image02.jpg','image',30,'2015-09-06 17:08:01','2015-09-08 14:32:49'),(222,'->h3[0]','Modern and Fresh, Clean and Premium','text',31,'2015-09-06 17:13:02','2015-09-26 07:47:52'),(223,'->p[0]','Donec quam felis, ultricies nec, pellentesque eu, pretium quis','text',31,'2015-09-06 17:13:02','2015-09-26 07:47:52'),(224,'->p[1]','Nulla consequat massa quis enim. Donec pede justo, fringilla vel, aliquet nec, vulputate eget, arcu.','text',31,'2015-09-06 17:13:02','2015-09-26 07:47:52'),(226,'->p[2]->a[0]','Buy now','text',31,'2015-09-06 17:13:02','2015-09-26 07:47:52'),(227,'->div[0]->div[0]->iframe[0]->attributes()[\'src\']','http://player.vimeo.com/video/51033950','video',31,'2015-09-06 17:15:43','2015-09-26 07:47:52'),(231,'->h3[0]','Build Better Websites','text',32,'2015-09-06 17:16:53','2015-09-26 05:52:25'),(232,'->p[0]','Content must be different for anybody to see the slides are changing','text',32,'2015-09-06 17:16:53','2015-09-26 05:52:25'),(234,'->p[1]->a[0]','Buy now','text',32,'2015-09-06 17:16:54','2015-09-26 05:52:25'),(235,'->div[0]->span[0]->span[0]->img[0]->attributes()[\'src\']','upload/media/102_slider3-image01.jpg','image',32,'2015-09-06 17:18:19','2015-09-26 05:52:25'),(239,'->h3[0]','Ready for most businesses','text',33,'2015-09-06 17:19:55','2015-09-26 05:52:34'),(240,'->p[0]','Donec quam felis, ultricies nec, pellentesque eu, pretium quis, sem.','text',33,'2015-09-06 17:19:55','2015-09-26 05:52:34'),(241,'->p[1]','Nulla consequat massa quis enim. Donec pede justo, fringilla vel, aliquet nec, vulputate eget, arcu.','text',33,'2015-09-06 17:19:55','2015-09-26 05:52:34'),(243,'->p[2]->a[0]','Buy now','text',33,'2015-09-06 17:19:55','2015-09-26 05:52:34'),(244,'->div[0]->span[0]->span[0]->img[0]->attributes()[\'src\']','upload/media/103_slider3-image02.jpg','image',33,'2015-09-06 17:20:51','2015-09-26 05:52:34'),(248,'->h3[0]','Ultra Customizable','text',34,'2015-09-06 17:21:38','2015-09-26 05:52:48'),(249,'->p[0]','Donec quam felis, ultricies nec, pellentesque eu, pretium quis, sem.','text',34,'2015-09-06 17:21:38','2015-09-26 05:52:48'),(250,'->p[1]','Nulla consequat massa quis enim. Donec pede justo, fringilla vel, aliquet nec, vulputate eget, arcu.','text',34,'2015-09-06 17:21:38','2015-09-26 05:52:48'),(252,'->p[2]->a[0]','Buy now','text',34,'2015-09-06 17:21:38','2015-09-26 05:52:48'),(253,'->div[0]->span[0]->span[0]->img[0]->attributes()[\'src\']','upload/media/104_slider3-image03.jpg','image',34,'2015-09-06 17:22:38','2015-09-26 05:52:48'),(257,'->h3[0]','Smooth Responsive','text',35,'2015-09-06 17:23:35','2015-09-26 05:52:57'),(258,'->p[0]','Donec quam felis, ultricies nec, pellentesque eu, pretium quis, sem.','text',35,'2015-09-06 17:23:35','2015-09-26 05:52:57'),(260,'->p[1]->a[0]','Buy now','text',35,'2015-09-06 17:23:35','2015-09-26 05:52:57'),(261,'->div[0]->span[0]->span[0]->img[0]->attributes()[\'src\']','upload/media/105_slider3-image04.jpg','image',35,'2015-09-06 17:24:45','2015-09-26 05:52:57'),(263,'->div[0]->h3[0]','Cum sociis natoque penatibus et magnis','text',36,'2015-09-06 17:38:03','2015-09-08 14:40:47'),(264,'->img[0]->attributes()[\'src\']','upload/media/85_slider2-image02.jpg','image',36,'2015-09-06 17:38:03','2015-09-08 14:40:47'),(266,'->div[0]->h3[0]','Nullam dictum felis eu pede mollis pretium','text',37,'2015-09-06 17:39:41','2015-09-08 14:40:59'),(267,'->img[0]->attributes()[\'src\']','upload/media/83_slider2-image031.jpg','image',37,'2015-09-06 17:39:41','2015-09-08 14:40:59'),(269,'->div[0]->h3[0]','Nullam dictum felis eu pede mollis pretium','text',38,'2015-09-06 17:40:23','2015-09-08 14:41:10'),(270,'->img[0]->attributes()[\'src\']','upload/media/84_slider2-image011.jpg','image',38,'2015-09-06 17:40:23','2015-09-08 14:41:10'),(272,'->div[0]->h3[0]','Nullam dictum felis eu pede mollis pretium','text',39,'2015-09-06 17:41:37','2015-09-08 14:41:21'),(273,'->img[0]->attributes()[\'src\']','upload/media/85_slider2-image02.jpg','image',39,'2015-09-06 17:41:37','2015-09-08 14:41:21'),(275,'->div[0]->h3[0]','Nullam dictum felis eu pede mollis pretium','text',40,'2015-09-06 17:42:28','2015-09-08 14:41:31'),(276,'->img[0]->attributes()[\'src\']','upload/media/83_slider2-image031.jpg','image',40,'2015-09-06 17:42:28','2015-09-08 14:41:31'),(279,'->li[0]->a[0]->span[0]->img[0]->attributes()[\'src\']','upload/media/86_101.jpg','image',41,'2015-09-06 18:02:58','2015-09-08 14:53:23'),(282,'->li[1]->a[0]->span[0]->img[0]->attributes()[\'src\']','upload/media/87_103.jpg','image',41,'2015-09-06 18:02:59','2015-09-08 14:53:23'),(285,'->li[2]->a[0]->span[0]->img[0]->attributes()[\'src\']','upload/media/88_slider10-image04.jpg','image',41,'2015-09-06 18:02:59','2015-09-08 14:53:23'),(288,'->li[3]->a[0]->span[0]->img[0]->attributes()[\'src\']','upload/media/89_102.jpg','image',41,'2015-09-06 18:02:59','2015-09-08 14:53:23'),(291,'->li[4]->a[0]->span[0]->img[0]->attributes()[\'src\']','upload/media/90_slider10-image05.jpg','image',41,'2015-09-06 18:02:59','2015-09-08 14:53:23'),(294,'->li[5]->a[0]->span[0]->img[0]->attributes()[\'src\']','upload/media/91_slider10-image06.jpg','image',41,'2015-09-06 18:02:59','2015-09-08 14:53:23'),(297,'->li[6]->a[0]->span[0]->img[0]->attributes()[\'src\']','upload/media/92_slider10-image07.jpg','image',41,'2015-09-06 18:02:59','2015-09-08 14:53:23'),(299,'->div[0]->h3[0]','Some test title','text',42,'2015-09-06 18:18:06','2015-09-08 14:59:19'),(300,'->div[0]->p[1]','Ut enim ad minima veniam, quis nostrum exercitationem ullam corporis suscipit Ut enim ad minima veniam, quis nostrum exercitationem ullam corporis suscipit','text',42,'2015-09-06 18:18:06','2015-09-08 14:59:19'),(301,'->img[0]->attributes()[\'src\']','upload/media/93_folio-slider-image1.jpg','image',42,'2015-09-06 18:18:06','2015-09-08 14:59:19'),(303,'->div[0]->h3[0]','Some other title','text',43,'2015-09-06 18:19:37','2015-09-08 14:59:29'),(304,'->div[0]->p[1]','Ut enim ad minima veniam, quis nostrum exercitationem ullam corporis suscipit Ut enim ad minima veniam, quis nostrum exercitationem ullam corporis suscipit','text',43,'2015-09-06 18:19:37','2015-09-08 14:59:29'),(305,'->img[0]->attributes()[\'src\']','upload/media/94_folio-slider-image2.jpg','image',43,'2015-09-06 18:19:37','2015-09-08 14:59:29'),(307,'->div[0]->h3[0]','This is a title','text',44,'2015-09-06 18:23:02','2015-09-08 14:59:37'),(308,'->div[0]->p[1]','Ut enim ad minima veniam, quis nostrum exercitationem ullam corporis suscipit Ut enim ad minima veniam, quis nostrum exercitationem ullam corporis suscipit','text',44,'2015-09-06 18:23:02','2015-09-08 14:59:37'),(309,'->img[0]->attributes()[\'src\']','upload/media/95_folio-slider-image4.jpg','image',44,'2015-09-06 18:23:02','2015-09-08 14:59:37'),(311,'->div[0]->h3[0]','No title here','text',45,'2015-09-06 18:23:36','2015-09-08 14:59:49'),(312,'->div[0]->p[1]','Ut enim ad minima veniam, quis nostrum exercitationem ullam corporis suscipit Ut enim ad minima veniam, quis nostrum exercitationem ullam corporis suscipit','text',45,'2015-09-06 18:23:36','2015-09-08 14:59:49'),(313,'->img[0]->attributes()[\'src\']','upload/media/96_folio-slider-image3.jpg','image',45,'2015-09-06 18:23:37','2015-09-08 14:59:49'),(315,'->div[0]->h3[0]','Just kidding!','text',46,'2015-09-06 18:24:32','2015-09-08 14:59:58'),(316,'->div[0]->p[1]','Ut enim ad minima veniam, quis nostrum exercitationem ullam corporis suscipit Ut enim ad minima veniam, quis nostrum exercitationem ullam corporis suscipit','text',46,'2015-09-06 18:24:32','2015-09-08 14:59:58'),(317,'->img[0]->attributes()[\'src\']','upload/media/97_folio-slider-image5.jpg','image',46,'2015-09-06 18:24:32','2015-09-08 14:59:58'),(318,'->div[0]->h3[0]','Customizable Template Evers','text',47,'2015-10-08 02:18:51','2015-10-08 02:19:43'),(319,'->div[0]->h3[0]->strong[0]','Most','text',47,'2015-10-08 02:18:51','2015-10-08 02:19:43'),(320,'->div[0]->p[0]','MultiPurpose\'s goal is to help you build unique and modern websites fast, easy and with the lowest cost possible. With MultiPurpose you can create many unique style websites for differends needs and purposes. For example business website, magazine, shop, hotel and so much more.','text',47,'2015-10-08 02:18:51','2015-10-08 02:19:43'),(321,'->div[0]->p[1]->a[0]','Buy now','text',47,'2015-10-08 02:18:51','2015-10-08 02:19:43'),(322,'->div[0]->p[1]->a[1]','Learn more','text',47,'2015-10-08 02:18:51','2015-10-08 02:19:43'),(323,'->img[0]->attributes()[\'src\']','upload/media/64_slider1-image-01.jpg','image',47,'2015-10-08 02:18:51','2015-10-08 02:19:43'),(325,'->div[0]->h3[0]','Customizable Template Ever','text',48,'2015-10-09 00:57:25','2015-10-09 00:57:25'),(326,'->div[0]->h3[0]->strong[0]','Most','text',48,'2015-10-09 00:57:25','2015-10-09 00:57:25'),(327,'->div[0]->p[0]','MultiPurpose\'s goal is to help you build unique and modern websites fast, easy and with the lowest cost possible. With MultiPurpose you can create many unique style websites for differends needs and purposes. For example business website, magazine, shop, hotel and so much more.','text',48,'2015-10-09 00:57:25','2015-10-09 00:57:25'),(328,'->div[0]->p[1]->a[0]','Buy now','text',48,'2015-10-09 00:57:25','2015-10-09 00:57:25'),(329,'->div[0]->p[1]->a[1]','Learn more','text',48,'2015-10-09 00:57:25','2015-10-09 00:57:25'),(330,'->img[0]->attributes()[\'src\']','upload/media/64_slider1-image-01.jpg','image',48,'2015-10-09 00:57:25','2015-10-09 00:57:25');
/*!40000 ALTER TABLE `config_slide_detail_properties` ENABLE KEYS */;
UNLOCK TABLES;

--
-- Table structure for table `migrations`
--

DROP TABLE IF EXISTS `migrations`;
/*!40101 SET @saved_cs_client     = @@character_set_client */;
/*!40101 SET character_set_client = utf8 */;
CREATE TABLE `migrations` (
  `migration` varchar(255) COLLATE utf8_unicode_ci NOT NULL,
  `batch` int(11) NOT NULL
) ENGINE=InnoDB DEFAULT CHARSET=utf8 COLLATE=utf8_unicode_ci;
/*!40101 SET character_set_client = @saved_cs_client */;

--
-- Dumping data for table `migrations`
--

LOCK TABLES `migrations` WRITE;
/*!40000 ALTER TABLE `migrations` DISABLE KEYS */;
INSERT INTO `migrations` VALUES ('2015_01_23_111030_create_password_reminders_table',1);
/*!40000 ALTER TABLE `migrations` ENABLE KEYS */;
UNLOCK TABLES;

--
-- Table structure for table `news_categories`
--

DROP TABLE IF EXISTS `news_categories`;
/*!40101 SET @saved_cs_client     = @@character_set_client */;
/*!40101 SET character_set_client = utf8 */;
CREATE TABLE `news_categories` (
  `id` bigint(20) NOT NULL AUTO_INCREMENT,
  `categories_name` varchar(200) DEFAULT NULL,
  `categories_alias` varchar(200) DEFAULT NULL,
  `categories_sort` bigint(20) DEFAULT '0',
  `categories_menu_type` varchar(100) DEFAULT NULL,
  `parent_id` bigint(20) DEFAULT '0',
  `categories_status` tinyint(4) DEFAULT '1',
  `created_at` timestamp NULL DEFAULT CURRENT_TIMESTAMP,
  `updated_at` timestamp NULL DEFAULT CURRENT_TIMESTAMP,
  PRIMARY KEY (`id`)
) ENGINE=InnoDB AUTO_INCREMENT=53 DEFAULT CHARSET=utf8;
/*!40101 SET character_set_client = @saved_cs_client */;

--
-- Dumping data for table `news_categories`
--

LOCK TABLES `news_categories` WRITE;
/*!40000 ALTER TABLE `news_categories` DISABLE KEYS */;
INSERT INTO `news_categories` VALUES (39,'Chính trị','chinh-tri',2,'default',48,1,'2014-12-31 10:57:42','2015-02-10 17:12:49'),(40,'Thể thao','the-thao',7,'default',0,1,'2014-12-31 10:58:07','2015-08-26 08:18:37'),(41,'Bóng đá','bong-da',11,'default',40,1,'2014-12-31 10:58:28','2015-08-26 08:18:37'),(43,'Doanh nhân','doanh-nhan',4,'default',48,1,'2014-12-31 10:58:50','2015-02-10 17:12:49'),(44,'Đời sống','doi-song',3,'default',48,1,'2014-12-31 10:59:04','2015-02-10 17:12:49'),(48,'Tin tức','tin-tuc',1,'default',0,1,'2015-01-10 08:15:53','2015-02-10 17:12:49'),(51,'Cầu lông','cau-long',9,'default',40,1,'2015-01-20 08:44:50','2015-08-26 08:18:37'),(52,'Quần vợt','quan-vot',10,'default',40,1,'2015-01-20 08:46:28','2015-08-26 08:18:37');
/*!40000 ALTER TABLE `news_categories` ENABLE KEYS */;
UNLOCK TABLES;

--
-- Table structure for table `news_comment`
--

DROP TABLE IF EXISTS `news_comment`;
/*!40101 SET @saved_cs_client     = @@character_set_client */;
/*!40101 SET character_set_client = utf8 */;
CREATE TABLE `news_comment` (
  `id` bigint(20) NOT NULL AUTO_INCREMENT,
  `comment_link` text,
  `comment_post_id` bigint(20) DEFAULT NULL,
  `comment_author_email` varchar(200) DEFAULT NULL,
  `comment_author_url` varchar(200) DEFAULT NULL,
  `comment_author_ip` varchar(200) DEFAULT NULL,
  `comment_content` text,
  `comment_type` tinyint(4) DEFAULT NULL,
  `comment_parrent` bigint(20) DEFAULT NULL,
  `comment_status` tinyint(4) DEFAULT '1',
  `created_at` timestamp NULL DEFAULT CURRENT_TIMESTAMP,
  `updated_at` timestamp NULL DEFAULT CURRENT_TIMESTAMP,
  PRIMARY KEY (`id`)
) ENGINE=InnoDB AUTO_INCREMENT=2 DEFAULT CHARSET=utf8;
/*!40101 SET character_set_client = @saved_cs_client */;

--
-- Dumping data for table `news_comment`
--

LOCK TABLES `news_comment` WRITE;
/*!40000 ALTER TABLE `news_comment` DISABLE KEYS */;
INSERT INTO `news_comment` VALUES (1,NULL,28,'lamnhungoc@gmail.com','lamnhungoc',NULL,'Thương quá',NULL,0,1,'2015-10-15 05:27:13','2015-10-15 05:27:13');
/*!40000 ALTER TABLE `news_comment` ENABLE KEYS */;
UNLOCK TABLES;

--
-- Table structure for table `news_group`
--

DROP TABLE IF EXISTS `news_group`;
/*!40101 SET @saved_cs_client     = @@character_set_client */;
/*!40101 SET character_set_client = utf8 */;
CREATE TABLE `news_group` (
  `id` bigint(20) NOT NULL AUTO_INCREMENT,
  `style_name` varchar(100) DEFAULT NULL,
  `group_name` varchar(200) DEFAULT NULL,
  `status` tinyint(4) DEFAULT NULL,
  `created_at` timestamp NULL DEFAULT CURRENT_TIMESTAMP,
  `updated_at` timestamp NULL DEFAULT CURRENT_TIMESTAMP,
  PRIMARY KEY (`id`)
) ENGINE=InnoDB AUTO_INCREMENT=20 DEFAULT CHARSET=utf8;
/*!40101 SET character_set_client = @saved_cs_client */;

--
-- Dumping data for table `news_group`
--

LOCK TABLES `news_group` WRITE;
/*!40000 ALTER TABLE `news_group` DISABLE KEYS */;
INSERT INTO `news_group` VALUES (5,'corporate_business','Top news',1,'2015-02-09 04:58:22','2015-02-09 04:58:22'),(6,'corporate_business','Left News',1,'2015-02-09 04:58:31','2015-02-10 10:48:43'),(7,'landing_page','Landing page content block',1,'2015-09-26 06:39:35','2015-10-20 16:22:00'),(8,'landing_page','Landing page Top news',1,'2015-09-26 08:38:23','2015-10-20 16:21:50'),(9,'elegant_business','Elegent recent work',1,'2015-09-30 18:33:10','2015-09-30 18:33:10'),(10,'elegant_business','Elegant mid',1,'2015-09-30 18:58:35','2015-09-30 18:58:35'),(11,'elegant_business','Elegant our clients',1,'2015-09-30 19:01:54','2015-09-30 19:01:54'),(12,'hosting','Hosting',1,'2015-10-09 16:48:46','2015-10-09 16:48:46'),(13,'hosting','Host news block',1,'2015-10-09 17:03:16','2015-10-09 17:03:16'),(14,'hotel','Hotel What do we offer',1,'2015-10-10 02:10:16','2015-10-10 02:10:16'),(15,'creative_business','Creative recent work',1,'2015-10-20 17:50:08','2015-10-20 17:50:08'),(16,'creative_business','Creative mid',1,'2015-10-20 17:50:08','2015-10-20 17:50:08'),(17,'creative_business','Creative our clients',1,'2015-10-20 17:50:08','2015-10-20 17:50:08'),(18,'simple_business','Simple news block',1,'2015-10-24 17:41:00','2015-10-24 17:41:00'),(19,'simple_business','Simple Recent work',1,'2015-10-24 17:53:22','2015-10-24 17:53:22');
/*!40000 ALTER TABLE `news_group` ENABLE KEYS */;
UNLOCK TABLES;

--
-- Table structure for table `news_medias`
--

DROP TABLE IF EXISTS `news_medias`;
/*!40101 SET @saved_cs_client     = @@character_set_client */;
/*!40101 SET character_set_client = utf8 */;
CREATE TABLE `news_medias` (
  `id` bigint(20) NOT NULL AUTO_INCREMENT,
  `media_author` bigint(20) DEFAULT NULL,
  `media_name` varchar(200) DEFAULT NULL,
  `media_description` text,
  `media_url` varchar(500) DEFAULT NULL,
  `media_title` varchar(200) DEFAULT NULL,
  `media_mime_type` varchar(45) DEFAULT NULL,
  `media_extension` varchar(45) DEFAULT NULL,
  `media_size` int(11) DEFAULT NULL,
  `media_status` tinyint(4) DEFAULT '1',
  `created_at` timestamp NULL DEFAULT CURRENT_TIMESTAMP,
  `updated_at` timestamp NULL DEFAULT CURRENT_TIMESTAMP,
  PRIMARY KEY (`id`)
) ENGINE=InnoDB AUTO_INCREMENT=108 DEFAULT CHARSET=utf8;
/*!40101 SET character_set_client = @saved_cs_client */;

--
-- Dumping data for table `news_medias`
--

LOCK TABLES `news_medias` WRITE;
/*!40000 ALTER TABLE `news_medias` DISABLE KEYS */;
INSERT INTO `news_medias` VALUES (63,0,'63_slider1-image-02.jpg',NULL,'/upload/media/63_slider1-image-02.jpg',NULL,'image/jpeg','jpg',140509,1,'2015-09-05 17:13:06','2015-09-05 17:13:06'),(64,0,'64_slider1-image-01.jpg',NULL,'/upload/media/64_slider1-image-01.jpg',NULL,'image/jpeg','jpg',117526,1,'2015-09-07 23:29:28','2015-09-07 23:29:28'),(65,0,'65_slider1-image-03.jpg',NULL,'/upload/media/65_slider1-image-03.jpg',NULL,'image/jpeg','jpg',103728,1,'2015-09-07 23:30:25','2015-09-07 23:30:25'),(66,0,'66_slider1-image-05-wp.jpg',NULL,'/upload/media/66_slider1-image-05-wp.jpg',NULL,'image/jpeg','jpg',93297,1,'2015-09-07 23:30:25','2015-09-07 23:30:25'),(67,0,'67_slider1-image-04.jpg',NULL,'/upload/media/67_slider1-image-04.jpg',NULL,'image/jpeg','jpg',71634,1,'2015-09-07 23:37:00','2015-09-07 23:37:00'),(68,0,'68_94.jpg',NULL,'/upload/media/68_94.jpg',NULL,'image/jpeg','jpg',407638,1,'2015-09-08 14:05:06','2015-09-08 14:05:06'),(69,0,'69_94-3.jpg',NULL,'/upload/media/69_94-3.jpg',NULL,'image/jpeg','jpg',488207,1,'2015-09-08 14:05:06','2015-09-08 14:05:06'),(70,0,'70_94-2.jpg',NULL,'/upload/media/70_94-2.jpg',NULL,'image/jpeg','jpg',778684,1,'2015-09-08 14:05:06','2015-09-08 14:05:06'),(71,0,'71_94-4.jpg',NULL,'/upload/media/71_94-4.jpg',NULL,'image/jpeg','jpg',523569,1,'2015-09-08 14:05:06','2015-09-08 14:05:06'),(72,0,'72_94-5.jpg',NULL,'/upload/media/72_94-5.jpg',NULL,'image/jpeg','jpg',371989,1,'2015-09-08 14:09:23','2015-09-08 14:09:23'),(73,0,'73_96.jpg',NULL,'/upload/media/73_96.jpg',NULL,'image/jpeg','jpg',149268,1,'2015-09-08 14:21:32','2015-09-08 14:21:32'),(74,0,'74_96-3.jpg',NULL,'/upload/media/74_96-3.jpg',NULL,'image/jpeg','jpg',108996,1,'2015-09-08 14:21:32','2015-09-08 14:21:32'),(75,0,'75_96-2.jpg',NULL,'/upload/media/75_96-2.jpg',NULL,'image/jpeg','jpg',150482,1,'2015-09-08 14:21:32','2015-09-08 14:21:32'),(76,0,'76_96-5.jpg',NULL,'/upload/media/76_96-5.jpg',NULL,'image/jpeg','jpg',166777,1,'2015-09-08 14:21:32','2015-09-08 14:21:32'),(77,0,'77_96-4.jpg',NULL,'/upload/media/77_96-4.jpg',NULL,'image/jpeg','jpg',74257,1,'2015-09-08 14:21:32','2015-09-08 14:21:32'),(78,0,'78_slider9-image02.jpg',NULL,'/upload/media/78_slider9-image02.jpg',NULL,'image/jpeg','jpg',180210,1,'2015-09-08 14:26:45','2015-09-08 14:26:45'),(79,0,'79_104.jpg',NULL,'/upload/media/79_104.jpg',NULL,'image/jpeg','jpg',189889,1,'2015-09-08 14:26:45','2015-09-08 14:26:45'),(80,0,'80_slider9-image04.jpg',NULL,'/upload/media/80_slider9-image04.jpg',NULL,'image/jpeg','jpg',134620,1,'2015-09-08 14:26:45','2015-09-08 14:26:45'),(81,0,'81_slider9-image031.jpg',NULL,'/upload/media/81_slider9-image031.jpg',NULL,'image/jpeg','jpg',222502,1,'2015-09-08 14:26:45','2015-09-08 14:26:45'),(82,0,'82_slider9-image05.jpg',NULL,'/upload/media/82_slider9-image05.jpg',NULL,'image/jpeg','jpg',187555,1,'2015-09-08 14:26:45','2015-09-08 14:26:45'),(83,0,'83_slider2-image031.jpg',NULL,'/upload/media/83_slider2-image031.jpg',NULL,'image/jpeg','jpg',204382,1,'2015-09-08 14:39:16','2015-09-08 14:39:16'),(84,0,'84_slider2-image011.jpg',NULL,'/upload/media/84_slider2-image011.jpg',NULL,'image/jpeg','jpg',291289,1,'2015-09-08 14:40:19','2015-09-08 14:40:19'),(85,0,'85_slider2-image02.jpg',NULL,'/upload/media/85_slider2-image02.jpg',NULL,'image/jpeg','jpg',396889,1,'2015-09-08 14:40:19','2015-09-08 14:40:19'),(86,0,'86_101.jpg',NULL,'/upload/media/86_101.jpg',NULL,'image/jpeg','jpg',95822,1,'2015-09-08 14:52:52','2015-09-08 14:52:52'),(87,0,'87_103.jpg',NULL,'/upload/media/87_103.jpg',NULL,'image/jpeg','jpg',58987,1,'2015-09-08 14:52:52','2015-09-08 14:52:52'),(88,0,'88_slider10-image04.jpg',NULL,'/upload/media/88_slider10-image04.jpg',NULL,'image/jpeg','jpg',69456,1,'2015-09-08 14:52:52','2015-09-08 14:52:52'),(89,0,'89_102.jpg',NULL,'/upload/media/89_102.jpg',NULL,'image/jpeg','jpg',82497,1,'2015-09-08 14:52:52','2015-09-08 14:52:52'),(90,0,'90_slider10-image05.jpg',NULL,'/upload/media/90_slider10-image05.jpg',NULL,'image/jpeg','jpg',68677,1,'2015-09-08 14:52:52','2015-09-08 14:52:52'),(91,0,'91_slider10-image06.jpg',NULL,'/upload/media/91_slider10-image06.jpg',NULL,'image/jpeg','jpg',118937,1,'2015-09-08 14:52:52','2015-09-08 14:52:52'),(92,0,'92_slider10-image07.jpg',NULL,'/upload/media/92_slider10-image07.jpg',NULL,'image/jpeg','jpg',81391,1,'2015-09-08 14:52:52','2015-09-08 14:52:52'),(93,0,'93_folio-slider-image1.jpg',NULL,'/upload/media/93_folio-slider-image1.jpg',NULL,'image/jpeg','jpg',251008,1,'2015-09-08 14:59:04','2015-09-08 14:59:04'),(94,0,'94_folio-slider-image2.jpg',NULL,'/upload/media/94_folio-slider-image2.jpg',NULL,'image/jpeg','jpg',270208,1,'2015-09-08 14:59:04','2015-09-08 14:59:04'),(95,0,'95_folio-slider-image4.jpg',NULL,'/upload/media/95_folio-slider-image4.jpg',NULL,'image/jpeg','jpg',173144,1,'2015-09-08 14:59:04','2015-09-08 14:59:04'),(96,0,'96_folio-slider-image3.jpg',NULL,'/upload/media/96_folio-slider-image3.jpg',NULL,'image/jpeg','jpg',170906,1,'2015-09-08 14:59:04','2015-09-08 14:59:04'),(97,0,'97_folio-slider-image5.jpg',NULL,'/upload/media/97_folio-slider-image5.jpg',NULL,'image/jpeg','jpg',187926,1,'2015-09-08 14:59:04','2015-09-08 14:59:04'),(98,0,'98_79.jpg',NULL,'/upload/media/98_79.jpg',NULL,'image/jpeg','jpg',55976,1,'2015-09-08 18:29:31','2015-09-08 18:29:31'),(99,0,'99_80.jpg',NULL,'/upload/media/99_80.jpg',NULL,'image/jpeg','jpg',67082,1,'2015-09-08 18:29:31','2015-09-08 18:29:31'),(100,0,'100_82.jpg',NULL,'/upload/media/100_82.jpg',NULL,'image/jpeg','jpg',74318,1,'2015-09-08 18:29:31','2015-09-08 18:29:31'),(101,0,'101_81.jpg',NULL,'/upload/media/101_81.jpg',NULL,'image/jpeg','jpg',49011,1,'2015-09-08 18:29:31','2015-09-08 18:29:31'),(102,0,'102_slider3-image01.jpg',NULL,'/upload/media/102_slider3-image01.jpg',NULL,'image/jpeg','jpg',101199,1,'2015-09-26 05:52:03','2015-09-26 05:52:03'),(103,0,'103_slider3-image02.jpg',NULL,'/upload/media/103_slider3-image02.jpg',NULL,'image/jpeg','jpg',160146,1,'2015-09-26 05:52:03','2015-09-26 05:52:03'),(104,0,'104_slider3-image03.jpg',NULL,'/upload/media/104_slider3-image03.jpg',NULL,'image/jpeg','jpg',184944,1,'2015-09-26 05:52:03','2015-09-26 05:52:03'),(105,0,'105_slider3-image04.jpg',NULL,'/upload/media/105_slider3-image04.jpg',NULL,'image/jpeg','jpg',117272,1,'2015-09-26 05:52:03','2015-09-26 05:52:03'),(107,0,'107_logo-red.png',NULL,'/upload/media/107_logo-red.png',NULL,'image/png','png',3689,1,'2015-10-23 18:02:41','2015-10-23 18:02:41');
/*!40000 ALTER TABLE `news_medias` ENABLE KEYS */;
UNLOCK TABLES;

--
-- Table structure for table `news_posts`
--

DROP TABLE IF EXISTS `news_posts`;
/*!40101 SET @saved_cs_client     = @@character_set_client */;
/*!40101 SET character_set_client = utf8 */;
CREATE TABLE `news_posts` (
  `id` bigint(20) NOT NULL AUTO_INCREMENT,
  `categories_id` bigint(20) DEFAULT NULL,
  `post_link` text,
  `post_author` bigint(20) DEFAULT NULL,
  `post_title` varchar(200) DEFAULT NULL,
  `post_content_short` longtext,
  `post_content` longtext,
  `post_status` tinyint(4) DEFAULT NULL,
  `post_type` varchar(200) DEFAULT NULL,
  `comment_status` tinyint(4) DEFAULT NULL,
  `comment_count` bigint(20) DEFAULT NULL,
  `post_sort` bigint(20) DEFAULT NULL,
  `created_at` timestamp NULL DEFAULT CURRENT_TIMESTAMP,
  `updated_at` timestamp NULL DEFAULT CURRENT_TIMESTAMP,
  PRIMARY KEY (`id`)
) ENGINE=InnoDB AUTO_INCREMENT=57 DEFAULT CHARSET=utf8;
/*!40101 SET character_set_client = @saved_cs_client */;

--
-- Dumping data for table `news_posts`
--

LOCK TABLES `news_posts` WRITE;
/*!40000 ALTER TABLE `news_posts` DISABLE KEYS */;
INSERT INTO `news_posts` VALUES (14,NULL,'onepage',1,'onepage',NULL,'<!DOCTYPE html>\r\n<!-- \r\nTemplate Name: Metronic - Responsive Admin Dashboard Template build with Twitter Bootstrap 3.1.1\r\nVersion: 3.1\r\nAuthor: KeenThemes\r\nWebsite: http://www.keenthemes.com/\r\nContact: support@keenthemes.com\r\nFollow: www.twitter.com/keenthemes\r\nLike: www.facebook.com/keenthemes\r\nPurchase: http://themeforest.net/item/metronic-responsive-admin-dashboard-template/4021469?ref=keenthemes\r\nLicense: You must have a valid license purchased only from themeforest (the above link) in order to legally use the theme for your project.\r\n-->\r\n<!--[if IE 8]> <html lang=\"en\" class=\"ie8 no-js\"> <![endif]-->\r\n<!--[if IE 9]> <html lang=\"en\" class=\"ie9 no-js\"> <![endif]-->\r\n<!--[if !IE]><!-->\r\n<html lang=\"en\">\r\n<!--<![endif]-->\r\n\r\n<!-- Head BEGIN -->\r\n<head>\r\n  <meta charset=\"utf-8\">\r\n  <title>Metronic One Page</title>\r\n\r\n  <meta content=\"width=device-width, initial-scale=1.0\" name=\"viewport\">\r\n  <meta http-equiv=\"X-UA-Compatible\" content=\"IE=edge,chrome=1\">\r\n\r\n  <meta content=\"Metronic Shop UI description\" name=\"description\">\r\n  <meta content=\"Metronic Shop UI keywords\" name=\"keywords\">\r\n  <meta content=\"keenthemes\" name=\"author\">\r\n  <meta http-equiv=\"cleartype\" content=\"on\">\r\n\r\n  <meta property=\"og:site_name\" content=\"-CUSTOMER VALUE-\">\r\n  <meta property=\"og:title\" content=\"-CUSTOMER VALUE-\">\r\n  <meta property=\"og:description\" content=\"-CUSTOMER VALUE-\">\r\n  <meta property=\"og:type\" content=\"website\">\r\n  <meta property=\"og:image\" content=\"-CUSTOMER VALUE-\"><!-- link to image for socio -->\r\n  <meta property=\"og:url\" content=\"-CUSTOMER VALUE-\">\r\n\r\n  <link rel=\"shortcut icon\" href=\"favicon.ico\">\r\n\r\n  <!-- Fonts START -->\r\n  <link href=\"http://fonts.googleapis.com/css?family=Open+Sans:300,400,600,700|Pathway+Gothic+One|PT+Sans+Narrow:400+700|Source+Sans+Pro:200,300,400,600,700,900&amp;subset=all\" rel=\"stylesheet\" type=\"text/css\"> \r\n  <!-- Fonts END -->\r\n\r\n  <!-- Global styles BEGIN -->\r\n  <link href=\"assets/global/plugins/bootstrap/css/bootstrap.css\" rel=\"stylesheet\">\r\n  <link href=\"assets/global/plugins/font-awesome/css/font-awesome.min.css\" rel=\"stylesheet\">\r\n  <link href=\"assets/global/plugins/slider-revolution-slider/rs-plugin/css/settings.css\" rel=\"stylesheet\">\r\n  <!-- Global styles END -->\r\n   \r\n  <!-- Page level plugin styles BEGIN -->\r\n  <link href=\"assets/global/plugins/fancybox/source/jquery.fancybox.css\" rel=\"stylesheet\">\r\n  <!-- Page level plugin styles END -->\r\n\r\n  <!-- Theme styles BEGIN -->\r\n  <link href=\"assets/global/css/components.css\" rel=\"stylesheet\">\r\n  <link href=\"assets/frontend/onepage/css/style.css\" rel=\"stylesheet\">\r\n  <link href=\"assets/frontend/onepage/css/style-responsive.css\" rel=\"stylesheet\">\r\n  <link href=\"assets/frontend/onepage/css/themes/red.css\" rel=\"stylesheet\" id=\"style-color\">\r\n  <link href=\"assets/frontend/onepage/css/custom.css\" rel=\"stylesheet\">\r\n\r\n  <!-- Theme styles END -->\r\n</head>\r\n<body>\r\n  <!-- BEGIN STYLE CUSTOMIZER -->\r\n  <div class=\"color-panel\">\r\n    <div class=\"color-mode-icons icon-color\"></div>\r\n    <div class=\"color-mode-icons icon-color-close\"></div>\r\n    <div class=\"color-mode\">\r\n      <p>THEME COLOR</p>\r\n      <ul class=\"inline\">\r\n        <li class=\"color-red current color-default\" data-style=\"red\"></li>\r\n        <li class=\"color-blue\" data-style=\"blue\"></li>\r\n        <li class=\"color-green\" data-style=\"green\"></li>\r\n        <li class=\"color-orange\" data-style=\"orange\"></li>\r\n        <li class=\"color-gray\" data-style=\"gray\"></li>\r\n        <li class=\"color-turquoise\" data-style=\"turquoise\"></li>\r\n      </ul>\r\n    </div>\r\n  </div>\r\n  <!-- END BEGIN STYLE CUSTOMIZER -->\r\n\r\n  <!-- Header BEGIN -->\r\n  <div class=\"header header-mobi-ext\">\r\n    <div class=\"container\">\r\n      <div class=\"row\">\r\n        <!-- Logo BEGIN -->\r\n        <div class=\"col-md-2 col-sm-2\">\r\n          <a class=\"scroll site-logo\" href=\"#promo-block\"><img src=\"assets/frontend/onepage/img/logo/red.png\" alt=\"Metronic One Page\"></a>\r\n        </div>\r\n        <!-- Logo END -->\r\n\r\n        <a href=\"javascript:void(0);\" class=\"mobi-toggler\"><i class=\"fa fa-bars\"></i></a>\r\n\r\n        <!-- Navigation BEGIN -->\r\n        <div class=\"col-md-10 pull-right\">\r\n          <ul class=\"header-navigation\">\r\n            <li class=\"current\"><a href=\"#promo-block\">Home</a></li>\r\n            <li><a href=\"#about\">About</a></li>\r\n            <li><a href=\"#services\">Services</a></li>\r\n            <li><a href=\"#team\">Team</a></li>\r\n            <li><a href=\"#portfolio\">Portfolio</a></li>\r\n            <li><a href=\"#benefits\">Benefits</a></li>            \r\n            <li><a href=\"#prices\">Pricing</a></li>\r\n            <li><a href=\"#contact\">Contact</a></li>\r\n          </ul>\r\n        </div>\r\n        <!-- Navigation END -->\r\n      </div>\r\n    </div>\r\n  </div>\r\n  <!-- Header END -->\r\n\r\n  <!-- Promo block BEGIN -->\r\n  <div class=\"promo-block\" id=\"promo-block\">\r\n  	<div class=\"tp-banner-container\">\r\n  		<div class=\"tp-banner\" >\r\n  			<ul>\r\n    				<li data-transition=\"fade\" data-slotamount=\"5\" data-masterspeed=\"700\" data-delay=\"9400\" class=\"slider-item-1\">\r\n              <img src=\"assets/frontend/onepage/img/silder/slide1.jpg\" alt=\"\" data-bgfit=\"cover\" data-bgposition=\"center center\" data-bgrepeat=\"no-repeat\">\r\n    					<div class=\"tp-caption large_text customin customout start\"\r\n    						data-x=\"center\"\r\n    						data-hoffset=\"0\"\r\n    						data-y=\"center\"\r\n    						data-voffset=\"0\"\r\n    						data-customin=\"x:0;y:0;z:0;rotationX:90;rotationY:0;rotationZ:0;scaleX:1;scaleY:1;skewX:0;skewY:0;opacity:0;transformPerspective:200;transformOrigin:50% 0%;\"\r\n    						data-customout=\"x:0;y:0;z:0;rotationX:0;rotationY:0;rotationZ:0;scaleX:0.75;scaleY:0.75;skewX:0;skewY:0;opacity:0;transformPerspective:600;transformOrigin:50% 50%;\"\r\n    						data-speed=\"1000\"\r\n    						data-start=\"500\"\r\n    						data-easing=\"Back.easeInOut\"\r\n    						data-endspeed=\"300\">\r\n    						<div class=\"promo-like\"><i class=\"fa fa-thumbs-up\"></i></div>\r\n    						<div class=\"promo-like-text\">\r\n    							<h2>Let\'s just do it</h2>\r\n    							<p>Lorem ipsum dolor sit amet, consectetuer adipiscing<br> elit amet sed diam nonummy nibh <a href=\"javascript:void(0);\">dolore</a></p>\r\n    						</div>\r\n    					</div>\r\n                <div class=\"tp-caption large_bold_white fade\"\r\n                  data-x=\"center\"\r\n                  data-y=\"center\"\r\n                  data-voffset=\"-180\"\r\n                  data-speed=\"300\"\r\n                  data-start=\"1700\"\r\n                  data-easing=\"Power4.easeOut\"\r\n                  data-endspeed=\"500\"\r\n                  data-endeasing=\"Power1.easeIn\"\r\n                  data-captionhidden=\"off\"\r\n                  style=\"z-index: 6\">Parallax <span>One Page</span> Has Arrived\r\n                </div>\r\n          	</li>\r\n      			<li data-transition=\"fadefromright\" data-slotamount=\"5\" data-masterspeed=\"700\" data-delay=\"9400\" class=\"slider-item-2\">\r\n                <img src=\"assets/frontend/onepage/img/silder/Slide2_bg.jpg\" alt=\"slidebg2\" data-bgfit=\"cover\" data-bgposition=\"center center\" data-bgrepeat=\"no-repeat\">\r\n      					<div class=\"caption lft start\"\r\n      						data-y=\"center\"\r\n      						data-voffset=\"0\"\r\n                  data-x=\"center\"\r\n                  data-hoffset=\"-250\"\r\n                  data-speed=\"600\" \r\n                  data-start=\"500\" \r\n                  data-easing=\"easeOutBack\"><img src=\"assets/frontend/onepage/img/silder/Slide2_iphone_left.png\" alt=\"\">\r\n      					</div>\r\n      					<div class=\"caption lft start\"\r\n      						data-y=\"center\"\r\n      						data-voffset=\"130\"\r\n                  data-x=\"center\"\r\n                  data-hoffset=\"170\"\r\n                  data-speed=\"600\" \r\n                  data-start=\"1200\" \r\n                  data-easing=\"easeOutBack\"><img src=\"assets/frontend/onepage/img/silder/Slide2_iphone_right.png\" alt=\"\">\r\n      					</div>\r\n      					<div class=\"tp-caption mobi-caption large_bold_white fade\"\r\n      						data-x=\"center\"\r\n      						data-y=\"-30\"\r\n      						data-speed=\"300\"\r\n      						data-start=\"1700\"\r\n      						data-easing=\"Power4.easeOut\"\r\n      						data-endspeed=\"500\"\r\n      						data-endeasing=\"Power1.easeIn\"\r\n      						data-captionhidden=\"off\"\r\n      						style=\"z-index: 6\">Extremely Responsive Design\r\n      					</div>\r\n          		</li>\r\n            <li data-transition=\"fade\" data-slotamount=\"5\" data-masterspeed=\"700\" data-delay=\"9400\" class=\"slider-item-3\">\r\n\r\n              <div class=\"tp-caption tp-fade fadeout fullscreenvideo\"\r\n                data-x=\"0\"\r\n                data-y=\"0\"\r\n                data-speed=\"1000\"\r\n                data-start=\"1100\"\r\n                data-easing=\"Power4.easeOut\"\r\n                data-endspeed=\"1500\"\r\n                data-endeasing=\"Power4.easeIn\"\r\n                data-autoplay=\"true\"\r\n                data-autoplayonlyfirsttime=\"false\"\r\n                data-nextslideatend=\"true\"\r\n                data-forceCover=\"1\"\r\n                data-dottedoverlay=\"twoxtwo\"\r\n                data-aspectratio=\"16:9\"\r\n                data-forcerewind=\"on\"\r\n                style=\"z-index: 2\">\r\n\r\n               <video class=\"video-js vjs-default-skin\" preload=\"none\" width=\"100%\" height=\"100%\">\r\n                <source src=\'http://goodwebtheme.com/previewvideo/forest_edit.mp4\' type=\'video/mp4\'>\r\n                <source src=\'http://goodwebtheme.com/previewvideo/forest_edit.webm\' type=\'video/webm\'>\r\n                <source src=\'http://goodwebtheme.com/previewvideo/forest_edit.ogv\' type=\'video/ogg\'>\r\n               </video>\r\n              </div>\r\n\r\n              <div class=\"tp-caption large_bold_white_25 customin customout tp-resizeme\"\r\n                data-x=\"center\" data-hoffset=\"0\"\r\n                data-y=\"170\"\r\n                data-customin=\"x:0;y:0;z:0;rotationX:0;rotationY:0;rotationZ:0;scaleX:5;scaleY:5;skewX:0;skewY:0;opacity:0;transformPerspective:600;transformOrigin:50% 50%;\"\r\n                data-customout=\"x:0;y:0;z:0;rotationX:0;rotationY:0;rotationZ:0;scaleX:0.75;scaleY:0.75;skewX:0;skewY:0;opacity:0;transformPerspective:600;transformOrigin:50% 50%;\"\r\n                data-speed=\"600\"\r\n                data-start=\"1400\"\r\n                data-easing=\"Power4.easeOut\"\r\n                data-endspeed=\"600\"\r\n                data-endeasing=\"Power0.easeIn\"\r\n                style=\"z-index: 3\">The clearest way into the Universe<br/>is through a forest wilderness.\r\n              </div>\r\n\r\n              <div class=\"tp-caption medium_text_shadow customin customout tp-resizeme\"\r\n                data-x=\"center\" data-hoffset=\"0\"\r\n                data-y=\"bottom\" data-voffset=\"-140\"\r\n                data-customin=\"x:0;y:0;z:0;rotationX:0;rotationY:0;rotationZ:0;scaleX:5;scaleY:5;skewX:0;skewY:0;opacity:0;transformPerspective:600;transformOrigin:50% 50%;\"\r\n                data-customout=\"x:0;y:0;z:0;rotationX:0;rotationY:0;rotationZ:0;scaleX:0.75;scaleY:0.75;skewX:0;skewY:0;opacity:0;transformPerspective:600;transformOrigin:50% 50%;\"\r\n                data-speed=\"600\"\r\n                data-start=\"1700\"\r\n                data-easing=\"Power4.easeOut\"\r\n                data-endspeed=\"600\"\r\n                data-endeasing=\"Power0.easeIn\"\r\n                style=\"z-index: 4\">John Muir\r\n              </div>\r\n            </li>\r\n          </ul>\r\n      	</div>\r\n  	</div>\r\n  </div>\r\n  <!-- Promo block END -->\r\n\r\n  <!-- About block BEGIN -->\r\n  <div class=\"about-block content content-center\" id=\"about\">\r\n    <div class=\"container\">\r\n      <h2><strong>Metronic</strong> Inspires</h2>\r\n      <h4>Lorem ipsum dolor sit amet, consectetuer adipiscing elit</h4>\r\n\r\n      <div class=\"ab-trio\">\r\n        <img src=\"assets/frontend/onepage/img/trio.png\" alt=\"\" class=\"img-responsive\">\r\n        <div class=\"ab-cirlce ab-cirle-blue\">\r\n          <i class=\"fa fa-code\"></i>\r\n          <strong>Clean Code</strong>\r\n        </div>\r\n        <div class=\"ab-cirlce ab-cirle-red\">\r\n          <i class=\"fa fa-gift\"></i>\r\n          <strong>Huge Updates</strong>\r\n        </div>\r\n        <div class=\"ab-cirlce ab-cirle-green\">\r\n          <i class=\"fa fa-mobile\"></i>\r\n          <strong>Responsive</strong>\r\n        </div>\r\n      </div>\r\n    </div>\r\n  </div>\r\n  <!-- About block END -->\r\n\r\n  <!-- Services block BEGIN -->\r\n  <div class=\"services-block content content-center\" id=\"services\">\r\n    <div class=\"container\">\r\n      <h2>Our <strong>services</strong></h2>\r\n      <h4>Lorem ipsum dolor sit amet, consectetuer adipiscing elit</h4>\r\n\r\n      <div class=\"row\">\r\n        <div class=\"col-md-3 col-sm-3 col-xs-12 item\">\r\n          <i class=\"fa fa-heart\"></i>\r\n          <h3>Fantastic Support</h3>\r\n          <p>Lorem ipsum et dolor amet<br> consectetuer diam</p>\r\n        </div>\r\n        <div class=\"col-md-3 col-sm-3 col-xs-12 item\">\r\n          <i class=\"fa fa-mobile\"></i>\r\n          <h3>Mobile Solutions</h3>\r\n          <p>Lorem ipsum et dolor amet<br> consectetuer diam</p>\r\n        </div>\r\n        <div class=\"col-md-3 col-sm-3 col-xs-12 item\">\r\n          <i class=\"fa fa-signal\"></i>\r\n          <h3>Market Analysis</h3>\r\n          <p>Lorem ipsum et dolor amet<br> consectetuer diam</p>\r\n        </div>\r\n        <div class=\"col-md-3 col-sm-3 col-xs-12 item\">\r\n          <i class=\"fa fa-camera\"></i>\r\n          <h3>Photography</h3>\r\n          <p>Lorem ipsum et dolor amet<br> consectetuer diam</p>\r\n        </div>\r\n      </div>\r\n    </div>\r\n  </div>\r\n  <!-- Services block END -->\r\n\r\n  <!-- Message block BEGIN -->\r\n  <div class=\"message-block content content-center valign-center\" id=\"message-block\">\r\n      <div class=\"valign-center-elem\">\r\n        <h2>The details are not the details <strong>They make the design</strong></h2>\r\n        <em>KEEN THEMES</em>\r\n      </div>\r\n  </div>\r\n  <!-- Message block END -->\r\n\r\n  <!-- Team block BEGIN -->\r\n  <div class=\"team-block content content-center margin-bottom-40\" id=\"team\">\r\n    <div class=\"container\">\r\n      <h2>Meet <strong>the team</strong></h2>\r\n      <h4>Lorem ipsum dolor sit amet, consectetuer adipiscing elit</h4>\r\n\r\n      <div class=\"row\">\r\n        <div class=\"col-md-4 item\">\r\n          <img src=\"assets/frontend/onepage/img/people/img6-large.jpg\" alt=\"Marcus Doe\" class=\"img-responsive\">\r\n          <h3>Marcus Doe</h3>\r\n          <em>Founder</em>\r\n          <p>Lorem ipsum dolor amet, tempor ut labore magna tempor dolore</p>\r\n          <div class=\"tb-socio\">\r\n            <a href=\"javascript:void(0);\" class=\"fa fa-facebook\"></a>\r\n            <a href=\"javascript:void(0);\" class=\"fa fa-twitter\"></a>\r\n            <a href=\"javascript:void(0);\" class=\"fa fa-google-plus\"></a>\r\n          </div>\r\n        </div>\r\n        <div class=\"col-md-4 item\">\r\n          <img src=\"assets/frontend/onepage/img/people/img7-large.jpg\" alt=\"Elena Taylor\" class=\"img-responsive\">\r\n          <h3>Elena Taylor</h3>\r\n          <em>Designer</em>\r\n          <p>Lorem ipsum dolor amet, tempor ut labore magna tempor dolore</p>\r\n          <div class=\"tb-socio\">\r\n            <a href=\"javascript:void(0);\" class=\"fa fa-facebook\"></a>\r\n            <a href=\"javascript:void(0);\" class=\"fa fa-twitter\"></a>\r\n            <a href=\"javascript:void(0);\" class=\"fa fa-google-plus\"></a>\r\n          </div>\r\n        </div>\r\n        <div class=\"col-md-4 item\">\r\n          <img src=\"assets/frontend/onepage/img/people/img8-large.jpg\" alt=\"Cris Nilson\" class=\"img-responsive\">\r\n          <h3>Cris Nilson</h3>\r\n          <em>Developer</em>\r\n          <p>Lorem ipsum dolor amet, tempor ut labore magna tempor dolore</p>\r\n          <div class=\"tb-socio\">\r\n            <a href=\"javascript:void(0);\" class=\"fa fa-facebook\"></a>\r\n            <a href=\"javascript:void(0);\" class=\"fa fa-twitter\"></a>\r\n            <a href=\"javascript:void(0);\" class=\"fa fa-google-plus\"></a>\r\n          </div>\r\n        </div>\r\n      </div>\r\n    </div>\r\n  </div>\r\n  <!-- Team block END -->\r\n\r\n  <!-- Portfolio block BEGIN -->\r\n  <div class=\"portfolio-block content content-center\" id=\"portfolio\">\r\n    <div class=\"container\">\r\n      <h2 class=\"margin-bottom-50\">Latest <strong>works</strong></h2>\r\n  	</div>\r\n  	<div class=\"row\">\r\n	  	<div class=\"item col-md-2 col-sm-6 col-xs-12\">\r\n	  	  <img src=\"assets/frontend/onepage/img/portfolio/2.jpg\" alt=\"NAME\" class=\"img-responsive\">\r\n	  	  <a href=\"assets/frontend/onepage/img/portfolio/2.jpg\" class=\"zoom valign-center\">\r\n          <div class=\"valign-center-elem\">\r\n            <strong>London City Project</strong>\r\n            <em>Property</em>\r\n            <b>Details</b>\r\n          </div>\r\n	  	  </a>\r\n	  	</div>\r\n	  	<div class=\"item col-md-2 col-sm-6 col-xs-12\">\r\n	  	  <img src=\"assets/frontend/onepage/img/portfolio/6.jpg\" alt=\"NAME\" class=\"img-responsive\">\r\n	  	  <a href=\"assets/frontend/onepage/img/portfolio/6.jpg\" class=\"zoom valign-center\">\r\n          <div class=\"valign-center-elem\">\r\n            <strong>London City Project</strong>\r\n            <em>Property</em>\r\n            <b>Details</b>\r\n          </div>\r\n	  	  </a>\r\n	  	</div>\r\n	  	<div class=\"item col-md-2 col-sm-6 col-xs-12\">\r\n	  	  <img src=\"assets/frontend/onepage/img/portfolio/8.jpg\" alt=\"NAME\" class=\"img-responsive\">\r\n	  	  <a href=\"assets/frontend/onepage/img/portfolio/8.jpg\" class=\"zoom valign-center\">\r\n          <div class=\"valign-center-elem\">\r\n            <strong>London City Project</strong>\r\n            <em>Property</em>\r\n            <b>Details</b>\r\n          </div>\r\n	  	  </a>\r\n	  	</div>\r\n	  	<div class=\"item col-md-2 col-sm-6 col-xs-12\">\r\n	  	  <img src=\"assets/frontend/onepage/img/portfolio/3.jpg\" alt=\"NAME\" class=\"img-responsive\">\r\n	  	  <a href=\"assets/frontend/onepage/img/portfolio/3.jpg\" class=\"zoom valign-center\">\r\n          <div class=\"valign-center-elem\">\r\n            <strong>London City Project</strong>\r\n            <em>Property</em>\r\n            <b>Details</b>\r\n          </div>\r\n	  	  </a>\r\n	  	</div>\r\n	  	<div class=\"item col-md-2 col-sm-6 col-xs-12\">\r\n	  	  <img src=\"assets/frontend/onepage/img/portfolio/5.jpg\" alt=\"NAME\" class=\"img-responsive\">\r\n	  	  <a href=\"assets/frontend/onepage/img/portfolio/5.jpg\" class=\"zoom valign-center\">\r\n          <div class=\"valign-center-elem\">\r\n            <strong>London City Project</strong>\r\n            <em>Property</em>\r\n            <b>Details</b>\r\n          </div>\r\n	  	  </a>\r\n	  	</div>\r\n	  	<div class=\"item col-md-2 col-sm-6 col-xs-12\">\r\n	  	  <img src=\"assets/frontend/onepage/img/portfolio/4.jpg\" alt=\"NAME\" class=\"img-responsive\">\r\n	  	  <a href=\"assets/frontend/onepage/img/portfolio/4.jpg\" class=\"zoom valign-center\">\r\n          <div class=\"valign-center-elem\">\r\n            <strong>London City Project</strong>\r\n            <em>Property</em>\r\n            <b>Details</b>\r\n          </div>\r\n	  	  </a>\r\n	  	</div>\r\n	  	<div class=\"item col-md-2 col-sm-6 col-xs-12\">\r\n	  	  <img src=\"assets/frontend/onepage/img/portfolio/1.jpg\" alt=\"NAME\" class=\"img-responsive\">\r\n	  	  <a href=\"assets/frontend/onepage/img/portfolio/1.jpg\" class=\"zoom valign-center\">\r\n          <div class=\"valign-center-elem\">\r\n            <strong>London City Project</strong>\r\n            <em>Property</em>\r\n            <b>Details</b>\r\n          </div>\r\n	  	  </a>\r\n	  	</div>\r\n	  	<div class=\"item col-md-2 col-sm-6 col-xs-12\">\r\n	  	  <img src=\"assets/frontend/onepage/img/portfolio/10.jpg\" alt=\"NAME\" class=\"img-responsive\">\r\n	  	  <a href=\"assets/frontend/onepage/img/portfolio/10.jpg\" class=\"zoom valign-center\">\r\n          <div class=\"valign-center-elem\">\r\n            <strong>London City Project</strong>\r\n            <em>Property</em>\r\n            <b>Details</b>\r\n          </div>\r\n	  	  </a>\r\n	  	</div>\r\n	  	<div class=\"item col-md-2 col-sm-6 col-xs-12\">\r\n	  	  <img src=\"assets/frontend/onepage/img/portfolio/9.jpg\" alt=\"NAME\" class=\"img-responsive\">\r\n	  	  <a href=\"assets/frontend/onepage/img/portfolio/9.jpg\" class=\"zoom valign-center\">\r\n          <div class=\"valign-center-elem\">\r\n            <strong>London City Project</strong>\r\n            <em>Property</em>\r\n            <b>Details</b>\r\n          </div>\r\n	  	  </a>\r\n	  	</div>\r\n	  	<div class=\"item col-md-2 col-sm-6 col-xs-12\">\r\n	  	  <img src=\"assets/frontend/onepage/img/portfolio/7.jpg\" alt=\"NAME\" class=\"img-responsive\">\r\n	  	  <a href=\"assets/frontend/onepage/img/portfolio/7.jpg\" class=\"zoom valign-center\">\r\n          <div class=\"valign-center-elem\">\r\n            <strong>London City Project</strong>\r\n            <em>Property</em>\r\n            <b>Details</b>\r\n          </div>\r\n	  	  </a>\r\n	  	</div>\r\n	  	<div class=\"item col-md-2 col-sm-6 col-xs-12\">\r\n	  	  <img src=\"assets/frontend/onepage/img/portfolio/2.jpg\" alt=\"NAME\" class=\"img-responsive\">\r\n	  	  <a href=\"assets/frontend/onepage/img/portfolio/2.jpg\" class=\"zoom valign-center\">\r\n          <div class=\"valign-center-elem\">\r\n            <strong>London City Project</strong>\r\n            <em>Property</em>\r\n            <b>Details</b>\r\n          </div>\r\n	  	  </a>\r\n	  	</div>\r\n	  	<div class=\"item col-md-2 col-sm-6 col-xs-12\">\r\n	  	  <img src=\"assets/frontend/onepage/img/portfolio/8.jpg\" alt=\"NAME\" class=\"img-responsive\">\r\n	  	  <a href=\"assets/frontend/onepage/img/portfolio/8.jpg\" class=\"zoom valign-center\">\r\n          <div class=\"valign-center-elem\">\r\n            <strong>London City Project</strong>\r\n            <em>Property</em>\r\n            <b>Details</b>\r\n          </div>\r\n	  	  </a>\r\n	  	</div>\r\n    </div>\r\n  </div>\r\n  <!-- Portfolio block END -->\r\n\r\n  <!-- Choose us block BEGIN -->\r\n  <div class=\"choose-us-block content text-center margin-bottom-40\" id=\"benefits\">\r\n    <div class=\"container\">\r\n      <h2>Why to <strong>choose us</strong></h2>\r\n      <h4>Lorem ipsum dolor sit amet, <a href=\"javascript:void(0);\">consectetuer adipiscing</a> elit, sed diam nonummy<br> nibh euismod tincidunt ut laoreet dolore magna aliquam erat volutpat.</h4>\r\n\r\n      <div class=\"row\">\r\n    	<div class=\"col-md-6 col-sm-6 col-xs-12 text-left\">\r\n    	  <img src=\"assets/frontend/onepage/img/choose-us.png\" alt=\"Why to choose us\" class=\"img-responsive\">\r\n    	</div>\r\n    	<div class=\"col-md-6 col-sm-6 col-xs-12 text-left\">\r\n    	  <div class=\"panel-group\" id=\"accordion1\">\r\n			  <div class=\"panel panel-default\">\r\n		          <div class=\"panel-heading\">\r\n			          <h5 class=\"panel-title\">\r\n			          	<a class=\"accordion-toggle\" data-toggle=\"collapse\" data-parent=\"#accordion1\" href=\"#accordion1_1\">Lorem ipsum dolor sit amet</a>\r\n			          </h5>\r\n		          </div>\r\n		          <div id=\"accordion1_1\" class=\"panel-collapse collapse in\">\r\n		            <div class=\"panel-body\">\r\n		              <p>Lorem ipsum dolor sit amet, consectetur adipisicing elit, sed do eiusmod tempor incididunt ut labore et dolore magna aliqua. Ut enim minim veniam quis nostrud exercitation dolore magna ullamco.</p>\r\n					  <p>Ut enim ad minim veniam, quis nostrud exercitation ullamco sed eiusmod tempor ut labore et dolore.</p>\r\n		            </div>\r\n		          </div>\r\n	          </div>\r\n			  <div class=\"panel panel-default\">\r\n		          <div class=\"panel-heading\">\r\n			          <h5 class=\"panel-title\">\r\n			          	<a class=\"accordion-toggle collapsed\" data-toggle=\"collapse\" data-parent=\"#accordion1\" href=\"#accordion1_2\">Consectetur adipisicing elit</a>\r\n			          </h5>\r\n		          </div>\r\n		          <div id=\"accordion1_2\" class=\"panel-collapse collapse\">\r\n		            <div class=\"panel-body\">\r\n		              <p>Lorem ipsum dolor sit amet, consectetur adipisicing elit, sed do eiusmod tempor incididunt ut labore et dolore magna aliqua. Ut enim minim veniam quis nostrud exercitation dolore magna ullamco.</p>\r\n					  <p>Ut enim ad minim veniam, quis nostrud exercitation ullamco sed eiusmod tempor ut labore et dolore.</p>\r\n		            </div>\r\n		          </div>\r\n	          </div>\r\n			  <div class=\"panel panel-default\">\r\n		          <div class=\"panel-heading\">\r\n			          <h5 class=\"panel-title\">\r\n			          	<a class=\"accordion-toggle collapsed\" data-toggle=\"collapse\" data-parent=\"#accordion1\" href=\"#accordion1_3\">Augue assum anteposuerit dolore</a>\r\n			          </h5>\r\n		          </div>\r\n		          <div id=\"accordion1_3\" class=\"panel-collapse collapse\">\r\n		            <div class=\"panel-body\">\r\n		              <p>Lorem ipsum dolor sit amet, consectetur adipisicing elit, sed do eiusmod tempor incididunt ut labore et dolore magna aliqua. Ut enim minim veniam quis nostrud exercitation dolore magna ullamco.</p>\r\n					  <p>Ut enim ad minim veniam, quis nostrud exercitation ullamco sed eiusmod tempor ut labore et dolore.</p>\r\n		            </div>\r\n		          </div>\r\n	          </div>\r\n			  <div class=\"panel panel-default\">\r\n		          <div class=\"panel-heading\">\r\n			          <h5 class=\"panel-title\">\r\n			          	<a class=\"accordion-toggle collapsed\" data-toggle=\"collapse\" data-parent=\"#accordion1\" href=\"#accordion1_4\">Sollemnes in futurum</a>\r\n			          </h5>\r\n		          </div>\r\n		          <div id=\"accordion1_4\" class=\"panel-collapse collapse\">\r\n		            <div class=\"panel-body\">\r\n		              <p>Lorem ipsum dolor sit amet, consectetur adipisicing elit, sed do eiusmod tempor incididunt ut labore et dolore magna aliqua. Ut enim minim veniam quis nostrud exercitation dolore magna ullamco.</p>\r\n					  <p>Ut enim ad minim veniam, quis nostrud exercitation ullamco sed eiusmod tempor ut labore et dolore.</p>\r\n		            </div>\r\n		          </div>\r\n	          </div>\r\n			  <div class=\"panel panel-default\">\r\n		          <div class=\"panel-heading\">\r\n			          <h5 class=\"panel-title\">\r\n			          	<a class=\"accordion-toggle collapsed\" data-toggle=\"collapse\" data-parent=\"#accordion1\" href=\"#accordion1_5\">Nostrud Tempor veniam</a>\r\n			          </h5>\r\n		          </div>\r\n		          <div id=\"accordion1_5\" class=\"panel-collapse collapse\">\r\n		            <div class=\"panel-body\">\r\n		              <p>Lorem ipsum dolor sit amet, consectetur adipisicing elit, sed do eiusmod tempor incididunt ut labore et dolore magna aliqua. Ut enim minim veniam quis nostrud exercitation dolore magna ullamco.</p>\r\n					  <p>Ut enim ad minim veniam, quis nostrud exercitation ullamco sed eiusmod tempor ut labore et dolore.</p>\r\n		            </div>\r\n		          </div>\r\n	          </div>\r\n			  <div class=\"panel panel-default\">\r\n		          <div class=\"panel-heading\">\r\n			          <h5 class=\"panel-title\">\r\n			          	<a class=\"accordion-toggle collapsed\" data-toggle=\"collapse\" data-parent=\"#accordion1\" href=\"#accordion1_6\">Ut enem magana sed dolore</a>\r\n			          </h5>\r\n		          </div>\r\n		          <div id=\"accordion1_6\" class=\"panel-collapse collapse\">\r\n		            <div class=\"panel-body\">\r\n		              <p>Lorem ipsum dolor sit amet, consectetur adipisicing elit, sed do eiusmod tempor incididunt ut labore et dolore magna aliqua. Ut enim minim veniam quis nostrud exercitation dolore magna ullamco.</p>\r\n					  <p>Ut enim ad minim veniam, quis nostrud exercitation ullamco sed eiusmod tempor ut labore et dolore.</p>\r\n		            </div>\r\n		          </div>\r\n	          </div>\r\n      	  </div>\r\n    	</div>\r\n      </div>\r\n    </div>\r\n  </div>\r\n  <!-- Choose us block END -->\r\n\r\n  <!-- Checkout block BEGIN -->\r\n  <div class=\"checkout-block content\">\r\n    <div class=\"container\">\r\n      <div class=\"row\">\r\n    	<div class=\"col-md-10\">\r\n    	  <h2>CHECK OUT ADMIN THEME! <em>Most Full Featured &amp; Powerfull Admin Theme</em></h2>\r\n    	</div>\r\n    	<div class=\"col-md-2 text-right\">\r\n    	  <a href=\"http://www.keenthemes.com/preview/index.php?theme=metronic_admin&amp;page=index.html\" target=\"_blank\" class=\"btn btn-primary\">Live preview</a>\r\n    	</div>\r\n      </div>\r\n    </div>\r\n  </div>\r\n  <!-- Checkout block END -->\r\n\r\n  <!-- Facts block BEGIN -->\r\n  <div class=\"facts-block content content-center\" id=\"facts-block\">\r\n  	<h2>Some facts about us</h2>\r\n    <div class=\"container\">\r\n      <div class=\"row\">\r\n    	<div class=\"col-md-3 col-sm-3 col-xs-6\">\r\n    	  <div class=\"item\">\r\n    	  	<strong>39</strong>\r\n    	  	Projects Completed\r\n    	  </div>\r\n    	</div>\r\n    	<div class=\"col-md-3 col-sm-3 col-xs-6\">\r\n    	  <div class=\"item\">\r\n    	  	<strong>14</strong>\r\n    	  	Team Members\r\n    	  </div>\r\n    	</div>\r\n    	<div class=\"col-md-3 col-sm-3 col-xs-6\">\r\n    	  <div class=\"item\">\r\n    	  	<strong>29k+</strong>\r\n    	  	Products Sold\r\n    	  </div>\r\n    	</div>\r\n    	<div class=\"col-md-3 col-sm-3 col-xs-6\">\r\n    	  <div class=\"item\">\r\n    	  	<strong>500</strong>\r\n    	  	Weekly Sales\r\n    	  </div>\r\n    	</div>\r\n      </div>\r\n    </div>\r\n  </div>\r\n  <!-- Facts block END -->\r\n\r\n  <!-- Prices block BEGIN -->\r\n  <div class=\"prices-block content content-center\" id=\"prices\">\r\n  	<div class=\"container\">\r\n      <h2 class=\"margin-bottom-50\"><strong>Pricing</strong> Tables</h2>\r\n	  <div class=\"row\">\r\n        <!-- Pricing item BEGIN -->\r\n        <div class=\"col-md-3 col-sm-6 col-xs-12\">\r\n          <div class=\"pricing-item\">\r\n            <div class=\"pricing-head\">\r\n              <h3>Beginner</h3>\r\n              <p>Lorem ipsum dolor</p>\r\n            </div>\r\n            <div class=\"pricing-content\">\r\n              <div class=\"pi-price\">\r\n              	<strong>$<em>19</em></strong>\r\n              	<p>Per Month</p>\r\n              </div>\r\n	          <ul class=\"list-unstyled\">\r\n	            <li><i class=\"fa fa-circle\"></i> Lorem ipsum dolor</li>\r\n	            <li><i class=\"fa fa-circle\"></i> Lorem ipsum dolor</li>\r\n	            <li><i class=\"fa fa-circle\"></i> Lorem ipsum dolor</li>\r\n	          </ul>\r\n            </div>\r\n            <div class=\"pricing-footer\">\r\n              <a class=\"btn btn-default\" href=\"javascript:void(0);\">Sign Up</a>\r\n            </div>\r\n          </div>\r\n        </div>\r\n        <!-- Pricing item END -->\r\n        <!-- Pricing item BEGIN -->\r\n        <div class=\"col-md-3 col-sm-6 col-xs-12\">\r\n          <div class=\"pricing-item\">\r\n            <div class=\"pricing-head\">\r\n              <h3>Pro</h3>\r\n              <p>Lorem ipsum dolor</p>\r\n            </div>\r\n            <div class=\"pricing-content\">\r\n              <div class=\"pi-price\">\r\n              	<strong>$<em>25</em></strong>\r\n              	<p>Per Month</p>\r\n              </div>\r\n	          <ul class=\"list-unstyled\">\r\n	            <li><i class=\"fa fa-circle\"></i> Lorem ipsum dolor</li>\r\n	            <li><i class=\"fa fa-circle\"></i> Lorem ipsum dolor</li>\r\n	            <li><i class=\"fa fa-circle\"></i> Lorem ipsum dolor</li>\r\n	          </ul>\r\n            </div>\r\n            <div class=\"pricing-footer\">\r\n              <a class=\"btn btn-default\" href=\"javascript:void(0);\">Sign Up</a>\r\n            </div>\r\n          </div>\r\n        </div>\r\n        <!-- Pricing item END -->\r\n        <!-- Pricing item BEGIN -->\r\n        <div class=\"col-md-3 col-sm-6 col-xs-12\">\r\n          <div class=\"pricing-item\">\r\n            <div class=\"pricing-head\">\r\n              <h3>Expert</h3>\r\n              <p>Lorem ipsum dolor</p>\r\n            </div>\r\n            <div class=\"pricing-content\">\r\n              <div class=\"pi-price\">\r\n              	<strong>$<em>59</em></strong>\r\n              	<p>Per Month</p>\r\n              </div>\r\n	          <ul class=\"list-unstyled\">\r\n	            <li><i class=\"fa fa-circle\"></i> Lorem ipsum dolor</li>\r\n	            <li><i class=\"fa fa-circle\"></i> Lorem ipsum dolor</li>\r\n	            <li><i class=\"fa fa-circle\"></i> Lorem ipsum dolor</li>\r\n	          </ul>\r\n            </div>\r\n            <div class=\"pricing-footer\">\r\n              <a class=\"btn btn-default\" href=\"javascript:void(0);\">Sign Up</a>\r\n            </div>\r\n          </div>\r\n        </div>\r\n        <!-- Pricing item END -->\r\n        <!-- Pricing item BEGIN -->\r\n        <div class=\"col-md-3 col-sm-6 col-xs-12\">\r\n          <div class=\"pricing-item\">\r\n            <div class=\"pricing-head\">\r\n              <h3>Hi-Tech</h3>\r\n              <p>Lorem ipsum dolor</p>\r\n            </div>\r\n            <div class=\"pricing-content\">\r\n              <div class=\"pi-price\">\r\n              	<strong>$<em>98</em></strong>\r\n              	<p>Per Month</p>\r\n              </div>\r\n	          <ul class=\"list-unstyled\">\r\n	            <li><i class=\"fa fa-circle\"></i> Lorem ipsum dolor</li>\r\n	            <li><i class=\"fa fa-circle\"></i> Lorem ipsum dolor</li>\r\n	            <li><i class=\"fa fa-circle\"></i> Lorem ipsum dolor</li>\r\n	          </ul>\r\n            </div>\r\n            <div class=\"pricing-footer\">\r\n              <a class=\"btn btn-default\" href=\"javascript:void(0);\">Sign Up</a>\r\n            </div>\r\n          </div>\r\n        </div>\r\n        <!-- Pricing item END -->\r\n      </div>\r\n    </div>\r\n  </div>\r\n  <!-- Prices block END -->\r\n\r\n  <!-- Testimonials block BEGIN -->\r\n  <div class=\"testimonials-block content content-center margin-bottom-65\">\r\n    <div class=\"container\">\r\n      <h2>Customer <strong>testimonials</strong></h2>\r\n      <h4>Lorem ipsum dolor sit amet, consectetuer adipiscing elit</h4>\r\n\r\n      <div class=\"carousel slide\" data-ride=\"carousel\" id=\"testimonials-block\">\r\n        <!-- Wrapper for slides -->\r\n        <div class=\"carousel-inner\">\r\n          <!-- Carousel items -->\r\n          <div class=\"active item\">\r\n            <blockquote><p>This is the most awesome, full featured, easy, costomizeble theme. It’s extremely responsive and very helpful to all suggestions.</p></blockquote>\r\n            <span class=\"testimonials-name\">Mark Doe</span>\r\n          </div>\r\n          <!-- Carousel items -->\r\n          <div class=\"item\">\r\n            <blockquote><p>Raw denim you probably haven\'t heard of them jean shorts Austin. Nesciunt tofu stumptown aliqua, retro synth master cleanse.</p></blockquote>\r\n            <span class=\"testimonials-name\">Joe Smith</span>\r\n          </div>\r\n          <!-- Carousel items -->\r\n          <div class=\"item\">\r\n            <blockquote><p>Williamsburg carles vegan helvetica. Cosby sweater eu banh mi, qui irure terry richardson ex squid Aliquip placeat salvia cillum iphone.</p></blockquote>\r\n            <span class=\"testimonials-name\">Linda Adams</span>\r\n          </div>\r\n        </div>\r\n        <!-- Indicators -->\r\n        <ol class=\"carousel-indicators\">\r\n          <li data-target=\"#testimonials-block\" data-slide-to=\"0\" class=\"active\"></li>\r\n          <li data-target=\"#testimonials-block\" data-slide-to=\"1\"></li>\r\n          <li data-target=\"#testimonials-block\" data-slide-to=\"2\"></li>\r\n        </ol>\r\n      </div>\r\n    </div>\r\n  </div>\r\n  <!-- Testimonials block END -->\r\n\r\n  <!-- Partners block BEGIN -->\r\n  <div class=\"partners-block\">\r\n    <div class=\"container\">\r\n      <div class=\"row\">\r\n        <div class=\"col-md-2 col-sm-3 col-xs-6\">\r\n          <img src=\"assets/frontend/onepage/img/partners/cisco.png\" alt=\"cisco\">\r\n        </div>\r\n        <div class=\"col-md-2 col-sm-3 col-xs-6\">\r\n          <img src=\"assets/frontend/onepage/img/partners/walmart.png\" alt=\"walmart\">\r\n        </div>\r\n        <div class=\"col-md-2 col-sm-3 col-xs-6\">\r\n          <img src=\"assets/frontend/onepage/img/partners/gamescast.png\" alt=\"gamescast\">\r\n        </div>\r\n        <div class=\"col-md-2 col-sm-3 col-xs-6\">\r\n          <img src=\"assets/frontend/onepage/img/partners/spinwokrx.png\" alt=\"spinwokrx\">\r\n        </div>\r\n        <div class=\"col-md-2 col-sm-3 col-xs-6\">\r\n          <img src=\"assets/frontend/onepage/img/partners/ngreen.png\" alt=\"ngreen\">\r\n        </div>\r\n        <div class=\"col-md-2 col-sm-3 col-xs-6\">\r\n          <img src=\"assets/frontend/onepage/img/partners/vimeo.png\" alt=\"vimeo\">\r\n        </div>\r\n      </div>\r\n    </div>\r\n  </div>\r\n  <!-- Partners block END -->\r\n\r\n  <!-- BEGIN PRE-FOOTER -->\r\n  <div class=\"pre-footer\" id=\"contact\">\r\n    <div class=\"container\">\r\n      <div class=\"row\">\r\n        <!-- BEGIN BOTTOM ABOUT BLOCK -->\r\n        <div class=\"col-md-4 col-sm-6 pre-footer-col\">\r\n          <h2>About us</h2>\r\n          <p>Lorem ipsum dolor sit amet, consectetuer adipiscing elit, sed diam sit nonummy nibh euismod tincidunt ut laoreet dolore magna aliquarm erat sit volutpat. Nostrud exerci tation ullamcorper suscipit lobortis nisl aliquip  commodo consequat. </p>\r\n          <p>Duis autem vel eum iriure dolor vulputate velit esse molestie at dolore.</p>\r\n        </div>\r\n        <!-- END BOTTOM ABOUT BLOCK -->\r\n\r\n        <!-- BEGIN TWITTER BLOCK --> \r\n        <div class=\"col-md-4 col-sm-6 pre-footer-col\">\r\n          <h2 class=\"margin-bottom-0\">Latest Tweets</h2>\r\n          <a class=\"twitter-timeline\" href=\"https://twitter.com/twitterapi\" data-tweet-limit=\"2\" data-theme=\"dark\" data-link-color=\"#57C8EB\" data-widget-id=\"455411516829736961\" data-chrome=\"noheader nofooter noscrollbar noborders transparent\">Loading tweets by @keenthemes...</a>      \r\n        </div>\r\n        <!-- END TWITTER BLOCK -->\r\n        \r\n        <div class=\"col-md-4 col-sm-6 pre-footer-col\">\r\n          <!-- BEGIN BOTTOM CONTACTS -->\r\n          <h2>Our Contacts</h2>\r\n          <address class=\"margin-bottom-20\">\r\n            35, Lorem Lis Street, Park Ave<br>\r\n            California, US<br>\r\n            Phone: 300 323 3456<br>\r\n            Fax: 300 323 1456<br>\r\n            Email: <a href=\"mailto:info@metronic.com\">info@metronic.com</a><br>\r\n            Skype: <a href=\"skype:metronic\">metronic</a>\r\n          </address>\r\n          <!-- END BOTTOM CONTACTS -->\r\n\r\n          <div class=\"pre-footer-subscribe-box\">\r\n            <h2>Newsletter</h2>\r\n            <form action=\"javascript:void(0);\">\r\n              <div class=\"input-group\">\r\n                <input type=\"text\" placeholder=\"youremail@mail.com\" class=\"form-control\">\r\n                <span class=\"input-group-btn\">\r\n                  <button class=\"btn btn-primary\" type=\"submit\">Subscribe</button>\r\n                </span>\r\n              </div>\r\n            </form>\r\n          </div>\r\n        </div>\r\n      </div>\r\n    </div>\r\n  </div>\r\n  <!-- END PRE-FOOTER -->\r\n\r\n  <!-- BEGIN FOOTER -->\r\n  <div class=\"footer\">\r\n    <div class=\"container\">\r\n      <div class=\"row\">\r\n        <!-- BEGIN COPYRIGHT -->\r\n        <div class=\"col-md-6 col-sm-6\">\r\n          <div class=\"copyright\">2014 © Metronic One Page. ALL Rights Reserved.</div>\r\n        </div>\r\n        <!-- END COPYRIGHT -->\r\n        <!-- BEGIN SOCIAL ICONS -->\r\n        <div class=\"col-md-6 col-sm-6 pull-right\">\r\n          <ul class=\"social-icons\">\r\n            <li><a class=\"rss\" data-original-title=\"rss\" href=\"javascript:void(0);\"></a></li>\r\n            <li><a class=\"facebook\" data-original-title=\"facebook\" href=\"javascript:void(0);\"></a></li>\r\n            <li><a class=\"twitter\" data-original-title=\"twitter\" href=\"javascript:void(0);\"></a></li>\r\n            <li><a class=\"googleplus\" data-original-title=\"googleplus\" href=\"javascript:void(0);\"></a></li>\r\n            <li><a class=\"linkedin\" data-original-title=\"linkedin\" href=\"javascript:void(0);\"></a></li>\r\n            <li><a class=\"youtube\" data-original-title=\"youtube\" href=\"javascript:void(0);\"></a></li>\r\n            <li><a class=\"vimeo\" data-original-title=\"vimeo\" href=\"javascript:void(0);\"></a></li>\r\n            <li><a class=\"skype\" data-original-title=\"skype\" href=\"javascript:void(0);\"></a></li>\r\n          </ul>\r\n        </div>\r\n        <!-- END SOCIAL ICONS -->\r\n      </div>\r\n    </div>\r\n  </div>\r\n  <!-- END FOOTER -->\r\n\r\n  <a href=\"#promo-block\" class=\"go2top scroll\"><i class=\"fa fa-arrow-up\"></i></a>\r\n\r\n  <!--[if lt IE 9]>\r\n    <script src=\"assets/global/plugins/respond.min.js\"></script>\r\n  <![endif]-->\r\n\r\n  <!-- Load JavaScripts at the bottom, because it will reduce page load time -->\r\n  <!-- Core plugins BEGIN (For ALL pages) -->\r\n  <script src=\"assets/global/plugins/jquery-1.11.0.min.js\" type=\"text/javascript\"></script>\r\n  <script src=\"assets/global/plugins/jquery-migrate-1.2.1.min.js\" type=\"text/javascript\"></script>\r\n  <script src=\"assets/global/plugins/bootstrap/js/bootstrap.min.js\" type=\"text/javascript\"></script>\r\n  <!-- Core plugins END (For ALL pages) -->\r\n\r\n  <!-- BEGIN RevolutionSlider -->\r\n  <script src=\"assets/global/plugins/slider-revolution-slider/rs-plugin/js/jquery.themepunch.plugins.min.js\" type=\"text/javascript\"></script>\r\n  <script src=\"assets/global/plugins/slider-revolution-slider/rs-plugin/js/jquery.themepunch.revolution.min.js\" type=\"text/javascript\"></script>\r\n  <script src=\"assets/frontend/onepage/scripts/revo-ini.js\" type=\"text/javascript\"></script> \r\n  <!-- END RevolutionSlider -->\r\n\r\n  <!-- Core plugins BEGIN (required only for current page) -->\r\n  <script src=\"assets/global/plugins/fancybox/source/jquery.fancybox.pack.js\" type=\"text/javascript\"></script><!-- pop up -->\r\n  <script src=\"assets/global/plugins/jquery.easing.js\"></script>\r\n  <script src=\"assets/global/plugins/jquery.parallax.js\"></script>\r\n  <script src=\"assets/global/plugins/jquery.scrollTo.min.js\"></script>\r\n  <script src=\"assets/frontend/onepage/scripts/jquery.nav.js\"></script>\r\n  <!-- Core plugins END (required only for current page) -->\r\n\r\n  <!-- Global js BEGIN -->\r\n  <script src=\"assets/frontend/onepage/scripts/layout.js\" type=\"text/javascript\"></script>\r\n  <script>\r\n    $(document).ready(function() {\r\n      Layout.init();\r\n    });\r\n  </script>\r\n  <!-- Global js END -->\r\n</body>\r\n</html>',1,'news_page_home',NULL,NULL,1,'2014-11-07 17:43:40','2014-11-08 02:38:38'),(15,NULL,'onepage',1,'Page home head',NULL,'  <meta charset=\"utf-8\">\r\n  <title>Metronic One Page</title>\r\n\r\n  <meta content=\"width=device-width, initial-scale=1.0\" name=\"viewport\">\r\n  <meta http-equiv=\"X-UA-Compatible\" content=\"IE=edge,chrome=1\">\r\n\r\n  <meta content=\"Metronic Shop UI description\" name=\"description\">\r\n  <meta content=\"Metronic Shop UI keywords\" name=\"keywords\">\r\n  <meta content=\"keenthemes\" name=\"author\">\r\n  <meta http-equiv=\"cleartype\" content=\"on\">\r\n\r\n  <meta property=\"og:site_name\" content=\"-CUSTOMER VALUE-\">\r\n  <meta property=\"og:title\" content=\"-CUSTOMER VALUE-\">\r\n  <meta property=\"og:description\" content=\"-CUSTOMER VALUE-\">\r\n  <meta property=\"og:type\" content=\"website\">\r\n  <meta property=\"og:image\" content=\"-CUSTOMER VALUE-\"><!-- link to image for socio -->\r\n  <meta property=\"og:url\" content=\"-CUSTOMER VALUE-\">\r\n\r\n  <link rel=\"shortcut icon\" href=\"templates/favicon.ico\">\r\n\r\n  <!-- Fonts START -->\r\n  <link href=\"http://fonts.googleapis.com/css?family=Open+Sans:300,400,600,700|Pathway+Gothic+One|PT+Sans+Narrow:400+700|Source+Sans+Pro:200,300,400,600,700,900&amp;subset=all\" rel=\"stylesheet\" type=\"text/css\"> \r\n  <!-- Fonts END -->\r\n\r\n  <!-- Global styles BEGIN -->\r\n  <link href=\"assets/global/plugins/bootstrap/css/bootstrap.css\" rel=\"stylesheet\">\r\n  <link href=\"assets/global/plugins/font-awesome/css/font-awesome.min.css\" rel=\"stylesheet\">\r\n  <link href=\"assets/global/plugins/slider-revolution-slider/rs-plugin/css/settings.css\" rel=\"stylesheet\">\r\n  <!-- Global styles END -->\r\n   \r\n  <!-- Page level plugin styles BEGIN -->\r\n  <link href=\"assets/global/plugins/fancybox/source/jquery.fancybox.css\" rel=\"stylesheet\">\r\n  <!-- Page level plugin styles END -->\r\n\r\n  <!-- Theme styles BEGIN -->\r\n  <link href=\"assets/global/css/components.css\" rel=\"stylesheet\">\r\n  <link href=\"assets/frontend/onepage/css/style.css\" rel=\"stylesheet\">\r\n  <link href=\"assets/frontend/onepage/css/style-responsive.css\" rel=\"stylesheet\">\r\n  <link href=\"assets/frontend/onepage/css/themes/red.css\" rel=\"stylesheet\" id=\"style-color\">\r\n  <link href=\"assets/frontend/onepage/css/custom.css\" rel=\"stylesheet\">\r\n\r\n  <!-- Theme styles END -->',1,'news_page_home_head',NULL,NULL,2,'2014-11-08 04:13:37','2014-11-08 04:13:37'),(16,NULL,'onepage',1,'Page home body',NULL,'  <!-- Header BEGIN -->\r\n  <div class=\"header header-mobi-ext\">\r\n    <div class=\"container\">\r\n      <div class=\"row\">\r\n        <!-- Logo BEGIN -->\r\n        <div class=\"col-md-2 col-sm-2\">\r\n          <a class=\"scroll site-logo\" href=\"#promo-block\"><img src=\"assets/frontend/onepage/img/logo/red.png\" alt=\"Metronic One Page\"></a>\r\n        </div>\r\n        <!-- Logo END -->\r\n\r\n        <a href=\"javascript:void(0);\" class=\"mobi-toggler\"><i class=\"fa fa-bars\"></i></a>\r\n\r\n        <!-- Navigation BEGIN -->\r\n        <div class=\"col-md-10 pull-right\">\r\n          <ul class=\"header-navigation\">\r\n            <li class=\"current\"><a href=\"#promo-block\">Home</a></li>\r\n            <li><a href=\"#about\">About</a></li>\r\n            <li><a href=\"#services\">Services</a></li>\r\n            <li><a href=\"#team\">Team</a></li>\r\n            <li><a href=\"#portfolio\">Portfolio</a></li>\r\n            <li><a href=\"#benefits\">Benefits</a></li>            \r\n            <li><a href=\"#prices\">Pricing</a></li>\r\n            <li><a href=\"#contact\">Contact</a></li>\r\n          </ul>\r\n        </div>\r\n        <!-- Navigation END -->\r\n      </div>\r\n    </div>\r\n  </div>\r\n  <!-- Header END -->\r\n\r\n  <!-- Promo block BEGIN -->\r\n  <div id=\'partialSlider\'></div>\r\n  <!-- Promo block END -->\r\n\r\n  <!-- About block BEGIN -->\r\n  <div class=\"about-block content content-center\" id=\"about\">\r\n    <div class=\"container\">\r\n      <h2><strong>Metronic</strong> Inspires</h2>\r\n      <h4>Lorem ipsum dolor sit amet, consectetuer adipiscing elit</h4>\r\n\r\n      <div class=\"ab-trio\">\r\n        <img src=\"assets/frontend/onepage/img/trio.png\" alt=\"\" class=\"img-responsive\">\r\n        <div class=\"ab-cirlce ab-cirle-blue\">\r\n          <i class=\"fa fa-code\"></i>\r\n          <strong>Clean Code</strong>\r\n        </div>\r\n        <div class=\"ab-cirlce ab-cirle-red\">\r\n          <i class=\"fa fa-gift\"></i>\r\n          <strong>Huge Updates</strong>\r\n        </div>\r\n        <div class=\"ab-cirlce ab-cirle-green\">\r\n          <i class=\"fa fa-mobile\"></i>\r\n          <strong>Responsive</strong>\r\n        </div>\r\n      </div>\r\n    </div>\r\n  </div>\r\n  <!-- About block END -->\r\n\r\n  <!-- Services block BEGIN -->\r\n  <div class=\"services-block content content-center\" id=\"services\">\r\n    <div class=\"container\">\r\n      <h2>Our <strong>services</strong></h2>\r\n      <h4>Lorem ipsum dolor sit amet, consectetuer adipiscing elit</h4>\r\n\r\n      <div class=\"row\">\r\n        <div class=\"col-md-3 col-sm-3 col-xs-12 item\">\r\n          <i class=\"fa fa-heart\"></i>\r\n          <h3>Fantastic Support</h3>\r\n          <p>Lorem ipsum et dolor amet<br> consectetuer diam</p>\r\n        </div>\r\n        <div class=\"col-md-3 col-sm-3 col-xs-12 item\">\r\n          <i class=\"fa fa-mobile\"></i>\r\n          <h3>Mobile Solutions</h3>\r\n          <p>Lorem ipsum et dolor amet<br> consectetuer diam</p>\r\n        </div>\r\n        <div class=\"col-md-3 col-sm-3 col-xs-12 item\">\r\n          <i class=\"fa fa-signal\"></i>\r\n          <h3>Market Analysis</h3>\r\n          <p>Lorem ipsum et dolor amet<br> consectetuer diam</p>\r\n        </div>\r\n        <div class=\"col-md-3 col-sm-3 col-xs-12 item\">\r\n          <i class=\"fa fa-camera\"></i>\r\n          <h3>Photography</h3>\r\n          <p>Lorem ipsum et dolor amet<br> consectetuer diam</p>\r\n        </div>\r\n      </div>\r\n    </div>\r\n  </div>\r\n  <!-- Services block END -->\r\n\r\n  <!-- Message block BEGIN -->\r\n  <div class=\"message-block content content-center valign-center\" id=\"message-block\">\r\n      <div class=\"valign-center-elem\">\r\n        <h2>The details are not the details <strong>They make the design</strong></h2>\r\n        <em>KEEN THEMES</em>\r\n      </div>\r\n  </div>\r\n  <!-- Message block END -->\r\n\r\n  <!-- Team block BEGIN -->\r\n  <div class=\"team-block content content-center margin-bottom-40\" id=\"team\">\r\n    <div class=\"container\">\r\n      <h2>Meet <strong>the team</strong></h2>\r\n      <h4>Lorem ipsum dolor sit amet, consectetuer adipiscing elit</h4>\r\n\r\n      <div class=\"row\">\r\n        <div class=\"col-md-4 item\">\r\n          <img src=\"assets/frontend/onepage/img/people/img6-large.jpg\" alt=\"Marcus Doe\" class=\"img-responsive\">\r\n          <h3>Marcus Doe</h3>\r\n          <em>Founder</em>\r\n          <p>Lorem ipsum dolor amet, tempor ut labore magna tempor dolore</p>\r\n          <div class=\"tb-socio\">\r\n            <a href=\"javascript:void(0);\" class=\"fa fa-facebook\"></a>\r\n            <a href=\"javascript:void(0);\" class=\"fa fa-twitter\"></a>\r\n            <a href=\"javascript:void(0);\" class=\"fa fa-google-plus\"></a>\r\n          </div>\r\n        </div>\r\n        <div class=\"col-md-4 item\">\r\n          <img src=\"assets/frontend/onepage/img/people/img7-large.jpg\" alt=\"Elena Taylor\" class=\"img-responsive\">\r\n          <h3>Elena Taylor</h3>\r\n          <em>Designer</em>\r\n          <p>Lorem ipsum dolor amet, tempor ut labore magna tempor dolore</p>\r\n          <div class=\"tb-socio\">\r\n            <a href=\"javascript:void(0);\" class=\"fa fa-facebook\"></a>\r\n            <a href=\"javascript:void(0);\" class=\"fa fa-twitter\"></a>\r\n            <a href=\"javascript:void(0);\" class=\"fa fa-google-plus\"></a>\r\n          </div>\r\n        </div>\r\n        <div class=\"col-md-4 item\">\r\n          <img src=\"assets/frontend/onepage/img/people/img8-large.jpg\" alt=\"Cris Nilson\" class=\"img-responsive\">\r\n          <h3>Cris Nilson</h3>\r\n          <em>Developer</em>\r\n          <p>Lorem ipsum dolor amet, tempor ut labore magna tempor dolore</p>\r\n          <div class=\"tb-socio\">\r\n            <a href=\"javascript:void(0);\" class=\"fa fa-facebook\"></a>\r\n            <a href=\"javascript:void(0);\" class=\"fa fa-twitter\"></a>\r\n            <a href=\"javascript:void(0);\" class=\"fa fa-google-plus\"></a>\r\n          </div>\r\n        </div>\r\n      </div>\r\n    </div>\r\n  </div>\r\n  <!-- Team block END -->\r\n\r\n  <!-- Portfolio block BEGIN -->\r\n  <div class=\"portfolio-block content content-center\" id=\"portfolio\">\r\n    <div class=\"container\">\r\n      <h2 class=\"margin-bottom-50\">Latest <strong>works</strong></h2>\r\n  	</div>\r\n  	<div class=\"row\">\r\n	  	<div class=\"item col-md-2 col-sm-6 col-xs-12\">\r\n	  	  <img src=\"assets/frontend/onepage/img/portfolio/2.jpg\" alt=\"NAME\" class=\"img-responsive\">\r\n	  	  <a href=\"assets/frontend/onepage/img/portfolio/2.jpg\" class=\"zoom valign-center\">\r\n          <div class=\"valign-center-elem\">\r\n            <strong>London City Project</strong>\r\n            <em>Property</em>\r\n            <b>Details</b>\r\n          </div>\r\n	  	  </a>\r\n	  	</div>\r\n	  	<div class=\"item col-md-2 col-sm-6 col-xs-12\">\r\n	  	  <img src=\"assets/frontend/onepage/img/portfolio/6.jpg\" alt=\"NAME\" class=\"img-responsive\">\r\n	  	  <a href=\"assets/frontend/onepage/img/portfolio/6.jpg\" class=\"zoom valign-center\">\r\n          <div class=\"valign-center-elem\">\r\n            <strong>London City Project</strong>\r\n            <em>Property</em>\r\n            <b>Details</b>\r\n          </div>\r\n	  	  </a>\r\n	  	</div>\r\n	  	<div class=\"item col-md-2 col-sm-6 col-xs-12\">\r\n	  	  <img src=\"assets/frontend/onepage/img/portfolio/8.jpg\" alt=\"NAME\" class=\"img-responsive\">\r\n	  	  <a href=\"assets/frontend/onepage/img/portfolio/8.jpg\" class=\"zoom valign-center\">\r\n          <div class=\"valign-center-elem\">\r\n            <strong>London City Project</strong>\r\n            <em>Property</em>\r\n            <b>Details</b>\r\n          </div>\r\n	  	  </a>\r\n	  	</div>\r\n	  	<div class=\"item col-md-2 col-sm-6 col-xs-12\">\r\n	  	  <img src=\"assets/frontend/onepage/img/portfolio/3.jpg\" alt=\"NAME\" class=\"img-responsive\">\r\n	  	  <a href=\"assets/frontend/onepage/img/portfolio/3.jpg\" class=\"zoom valign-center\">\r\n          <div class=\"valign-center-elem\">\r\n            <strong>London City Project</strong>\r\n            <em>Property</em>\r\n            <b>Details</b>\r\n          </div>\r\n	  	  </a>\r\n	  	</div>\r\n	  	<div class=\"item col-md-2 col-sm-6 col-xs-12\">\r\n	  	  <img src=\"assets/frontend/onepage/img/portfolio/5.jpg\" alt=\"NAME\" class=\"img-responsive\">\r\n	  	  <a href=\"assets/frontend/onepage/img/portfolio/5.jpg\" class=\"zoom valign-center\">\r\n          <div class=\"valign-center-elem\">\r\n            <strong>London City Project</strong>\r\n            <em>Property</em>\r\n            <b>Details</b>\r\n          </div>\r\n	  	  </a>\r\n	  	</div>\r\n	  	<div class=\"item col-md-2 col-sm-6 col-xs-12\">\r\n	  	  <img src=\"assets/frontend/onepage/img/portfolio/4.jpg\" alt=\"NAME\" class=\"img-responsive\">\r\n	  	  <a href=\"assets/frontend/onepage/img/portfolio/4.jpg\" class=\"zoom valign-center\">\r\n          <div class=\"valign-center-elem\">\r\n            <strong>London City Project</strong>\r\n            <em>Property</em>\r\n            <b>Details</b>\r\n          </div>\r\n	  	  </a>\r\n	  	</div>\r\n	  	<div class=\"item col-md-2 col-sm-6 col-xs-12\">\r\n	  	  <img src=\"assets/frontend/onepage/img/portfolio/1.jpg\" alt=\"NAME\" class=\"img-responsive\">\r\n	  	  <a href=\"assets/frontend/onepage/img/portfolio/1.jpg\" class=\"zoom valign-center\">\r\n          <div class=\"valign-center-elem\">\r\n            <strong>London City Project</strong>\r\n            <em>Property</em>\r\n            <b>Details</b>\r\n          </div>\r\n	  	  </a>\r\n	  	</div>\r\n	  	<div class=\"item col-md-2 col-sm-6 col-xs-12\">\r\n	  	  <img src=\"assets/frontend/onepage/img/portfolio/10.jpg\" alt=\"NAME\" class=\"img-responsive\">\r\n	  	  <a href=\"assets/frontend/onepage/img/portfolio/10.jpg\" class=\"zoom valign-center\">\r\n          <div class=\"valign-center-elem\">\r\n            <strong>London City Project</strong>\r\n            <em>Property</em>\r\n            <b>Details</b>\r\n          </div>\r\n	  	  </a>\r\n	  	</div>\r\n	  	<div class=\"item col-md-2 col-sm-6 col-xs-12\">\r\n	  	  <img src=\"assets/frontend/onepage/img/portfolio/9.jpg\" alt=\"NAME\" class=\"img-responsive\">\r\n	  	  <a href=\"assets/frontend/onepage/img/portfolio/9.jpg\" class=\"zoom valign-center\">\r\n          <div class=\"valign-center-elem\">\r\n            <strong>London City Project</strong>\r\n            <em>Property</em>\r\n            <b>Details</b>\r\n          </div>\r\n	  	  </a>\r\n	  	</div>\r\n	  	<div class=\"item col-md-2 col-sm-6 col-xs-12\">\r\n	  	  <img src=\"assets/frontend/onepage/img/portfolio/7.jpg\" alt=\"NAME\" class=\"img-responsive\">\r\n	  	  <a href=\"assets/frontend/onepage/img/portfolio/7.jpg\" class=\"zoom valign-center\">\r\n          <div class=\"valign-center-elem\">\r\n            <strong>London City Project</strong>\r\n            <em>Property</em>\r\n            <b>Details</b>\r\n          </div>\r\n	  	  </a>\r\n	  	</div>\r\n	  	<div class=\"item col-md-2 col-sm-6 col-xs-12\">\r\n	  	  <img src=\"assets/frontend/onepage/img/portfolio/2.jpg\" alt=\"NAME\" class=\"img-responsive\">\r\n	  	  <a href=\"assets/frontend/onepage/img/portfolio/2.jpg\" class=\"zoom valign-center\">\r\n          <div class=\"valign-center-elem\">\r\n            <strong>London City Project</strong>\r\n            <em>Property</em>\r\n            <b>Details</b>\r\n          </div>\r\n	  	  </a>\r\n	  	</div>\r\n	  	<div class=\"item col-md-2 col-sm-6 col-xs-12\">\r\n	  	  <img src=\"assets/frontend/onepage/img/portfolio/8.jpg\" alt=\"NAME\" class=\"img-responsive\">\r\n	  	  <a href=\"assets/frontend/onepage/img/portfolio/8.jpg\" class=\"zoom valign-center\">\r\n          <div class=\"valign-center-elem\">\r\n            <strong>London City Project</strong>\r\n            <em>Property</em>\r\n            <b>Details</b>\r\n          </div>\r\n	  	  </a>\r\n	  	</div>\r\n    </div>\r\n  </div>\r\n  <!-- Portfolio block END -->\r\n\r\n  <!-- Choose us block BEGIN -->\r\n  <div class=\"choose-us-block content text-center margin-bottom-40\" id=\"benefits\">\r\n    <div class=\"container\">\r\n      <h2>Why to <strong>choose us</strong></h2>\r\n      <h4>Lorem ipsum dolor sit amet, <a href=\"javascript:void(0);\">consectetuer adipiscing</a> elit, sed diam nonummy<br> nibh euismod tincidunt ut laoreet dolore magna aliquam erat volutpat.</h4>\r\n\r\n      <div class=\"row\">\r\n    	<div class=\"col-md-6 col-sm-6 col-xs-12 text-left\">\r\n    	  <img src=\"assets/frontend/onepage/img/choose-us.png\" alt=\"Why to choose us\" class=\"img-responsive\">\r\n    	</div>\r\n    	<div class=\"col-md-6 col-sm-6 col-xs-12 text-left\">\r\n    	  <div class=\"panel-group\" id=\"accordion1\">\r\n			  <div class=\"panel panel-default\">\r\n		          <div class=\"panel-heading\">\r\n			          <h5 class=\"panel-title\">\r\n			          	<a class=\"accordion-toggle\" data-toggle=\"collapse\" data-parent=\"#accordion1\" href=\"#accordion1_1\">Lorem ipsum dolor sit amet</a>\r\n			          </h5>\r\n		          </div>\r\n		          <div id=\"accordion1_1\" class=\"panel-collapse collapse in\">\r\n		            <div class=\"panel-body\">\r\n		              <p>Lorem ipsum dolor sit amet, consectetur adipisicing elit, sed do eiusmod tempor incididunt ut labore et dolore magna aliqua. Ut enim minim veniam quis nostrud exercitation dolore magna ullamco.</p>\r\n					  <p>Ut enim ad minim veniam, quis nostrud exercitation ullamco sed eiusmod tempor ut labore et dolore.</p>\r\n		            </div>\r\n		          </div>\r\n	          </div>\r\n			  <div class=\"panel panel-default\">\r\n		          <div class=\"panel-heading\">\r\n			          <h5 class=\"panel-title\">\r\n			          	<a class=\"accordion-toggle collapsed\" data-toggle=\"collapse\" data-parent=\"#accordion1\" href=\"#accordion1_2\">Consectetur adipisicing elit</a>\r\n			          </h5>\r\n		          </div>\r\n		          <div id=\"accordion1_2\" class=\"panel-collapse collapse\">\r\n		            <div class=\"panel-body\">\r\n		              <p>Lorem ipsum dolor sit amet, consectetur adipisicing elit, sed do eiusmod tempor incididunt ut labore et dolore magna aliqua. Ut enim minim veniam quis nostrud exercitation dolore magna ullamco.</p>\r\n					  <p>Ut enim ad minim veniam, quis nostrud exercitation ullamco sed eiusmod tempor ut labore et dolore.</p>\r\n		            </div>\r\n		          </div>\r\n	          </div>\r\n			  <div class=\"panel panel-default\">\r\n		          <div class=\"panel-heading\">\r\n			          <h5 class=\"panel-title\">\r\n			          	<a class=\"accordion-toggle collapsed\" data-toggle=\"collapse\" data-parent=\"#accordion1\" href=\"#accordion1_3\">Augue assum anteposuerit dolore</a>\r\n			          </h5>\r\n		          </div>\r\n		          <div id=\"accordion1_3\" class=\"panel-collapse collapse\">\r\n		            <div class=\"panel-body\">\r\n		              <p>Lorem ipsum dolor sit amet, consectetur adipisicing elit, sed do eiusmod tempor incididunt ut labore et dolore magna aliqua. Ut enim minim veniam quis nostrud exercitation dolore magna ullamco.</p>\r\n					  <p>Ut enim ad minim veniam, quis nostrud exercitation ullamco sed eiusmod tempor ut labore et dolore.</p>\r\n		            </div>\r\n		          </div>\r\n	          </div>\r\n			  <div class=\"panel panel-default\">\r\n		          <div class=\"panel-heading\">\r\n			          <h5 class=\"panel-title\">\r\n			          	<a class=\"accordion-toggle collapsed\" data-toggle=\"collapse\" data-parent=\"#accordion1\" href=\"#accordion1_4\">Sollemnes in futurum</a>\r\n			          </h5>\r\n		          </div>\r\n		          <div id=\"accordion1_4\" class=\"panel-collapse collapse\">\r\n		            <div class=\"panel-body\">\r\n		              <p>Lorem ipsum dolor sit amet, consectetur adipisicing elit, sed do eiusmod tempor incididunt ut labore et dolore magna aliqua. Ut enim minim veniam quis nostrud exercitation dolore magna ullamco.</p>\r\n					  <p>Ut enim ad minim veniam, quis nostrud exercitation ullamco sed eiusmod tempor ut labore et dolore.</p>\r\n		            </div>\r\n		          </div>\r\n	          </div>\r\n			  <div class=\"panel panel-default\">\r\n		          <div class=\"panel-heading\">\r\n			          <h5 class=\"panel-title\">\r\n			          	<a class=\"accordion-toggle collapsed\" data-toggle=\"collapse\" data-parent=\"#accordion1\" href=\"#accordion1_5\">Nostrud Tempor veniam</a>\r\n			          </h5>\r\n		          </div>\r\n		          <div id=\"accordion1_5\" class=\"panel-collapse collapse\">\r\n		            <div class=\"panel-body\">\r\n		              <p>Lorem ipsum dolor sit amet, consectetur adipisicing elit, sed do eiusmod tempor incididunt ut labore et dolore magna aliqua. Ut enim minim veniam quis nostrud exercitation dolore magna ullamco.</p>\r\n					  <p>Ut enim ad minim veniam, quis nostrud exercitation ullamco sed eiusmod tempor ut labore et dolore.</p>\r\n		            </div>\r\n		          </div>\r\n	          </div>\r\n			  <div class=\"panel panel-default\">\r\n		          <div class=\"panel-heading\">\r\n			          <h5 class=\"panel-title\">\r\n			          	<a class=\"accordion-toggle collapsed\" data-toggle=\"collapse\" data-parent=\"#accordion1\" href=\"#accordion1_6\">Ut enem magana sed dolore</a>\r\n			          </h5>\r\n		          </div>\r\n		          <div id=\"accordion1_6\" class=\"panel-collapse collapse\">\r\n		            <div class=\"panel-body\">\r\n		              <p>Lorem ipsum dolor sit amet, consectetur adipisicing elit, sed do eiusmod tempor incididunt ut labore et dolore magna aliqua. Ut enim minim veniam quis nostrud exercitation dolore magna ullamco.</p>\r\n					  <p>Ut enim ad minim veniam, quis nostrud exercitation ullamco sed eiusmod tempor ut labore et dolore.</p>\r\n		            </div>\r\n		          </div>\r\n	          </div>\r\n      	  </div>\r\n    	</div>\r\n      </div>\r\n    </div>\r\n  </div>\r\n  <!-- Choose us block END -->\r\n\r\n  <!-- Checkout block BEGIN -->\r\n  <div class=\"checkout-block content\">\r\n    <div class=\"container\">\r\n      <div class=\"row\">\r\n    	<div class=\"col-md-10\">\r\n    	  <h2>CHECK OUT ADMIN THEME! <em>Most Full Featured & Powerfull Admin Theme</em></h2>\r\n    	</div>\r\n    	<div class=\"col-md-2 text-right\">\r\n    	  <a href=\"http://www.keenthemes.com/preview/index.php?theme=metronic_admin&page=index.html\" target=\"_blank\" class=\"btn btn-primary\">Live preview</a>\r\n    	</div>\r\n      </div>\r\n    </div>\r\n  </div>\r\n  <!-- Checkout block END -->\r\n\r\n  <!-- Facts block BEGIN -->\r\n  <div class=\"facts-block content content-center\" id=\"facts-block\">\r\n  	<h2>Some facts about us</h2>\r\n    <div class=\"container\">\r\n      <div class=\"row\">\r\n    	<div class=\"col-md-3 col-sm-3 col-xs-6\">\r\n    	  <div class=\"item\">\r\n    	  	<strong>39</strong>\r\n    	  	Projects Completed\r\n    	  </div>\r\n    	</div>\r\n    	<div class=\"col-md-3 col-sm-3 col-xs-6\">\r\n    	  <div class=\"item\">\r\n    	  	<strong>14</strong>\r\n    	  	Team Members\r\n    	  </div>\r\n    	</div>\r\n    	<div class=\"col-md-3 col-sm-3 col-xs-6\">\r\n    	  <div class=\"item\">\r\n    	  	<strong>29k+</strong>\r\n    	  	Products Sold\r\n    	  </div>\r\n    	</div>\r\n    	<div class=\"col-md-3 col-sm-3 col-xs-6\">\r\n    	  <div class=\"item\">\r\n    	  	<strong>500</strong>\r\n    	  	Weekly Sales\r\n    	  </div>\r\n    	</div>\r\n      </div>\r\n    </div>\r\n  </div>\r\n  <!-- Facts block END -->\r\n\r\n  <!-- Prices block BEGIN -->\r\n  <div class=\"prices-block content content-center\" id=\"prices\">\r\n  	<div class=\"container\">\r\n      <h2 class=\"margin-bottom-50\"><strong>Pricing</strong> Tables</h2>\r\n	  <div class=\"row\">\r\n        <!-- Pricing item BEGIN -->\r\n        <div class=\"col-md-3 col-sm-6 col-xs-12\">\r\n          <div class=\"pricing-item\">\r\n            <div class=\"pricing-head\">\r\n              <h3>Beginner</h3>\r\n              <p>Lorem ipsum dolor</p>\r\n            </div>\r\n            <div class=\"pricing-content\">\r\n              <div class=\"pi-price\">\r\n              	<strong>$<em>19</em></strong>\r\n              	<p>Per Month</p>\r\n              </div>\r\n	          <ul class=\"list-unstyled\">\r\n	            <li><i class=\"fa fa-circle\"></i> Lorem ipsum dolor</li>\r\n	            <li><i class=\"fa fa-circle\"></i> Lorem ipsum dolor</li>\r\n	            <li><i class=\"fa fa-circle\"></i> Lorem ipsum dolor</li>\r\n	          </ul>\r\n            </div>\r\n            <div class=\"pricing-footer\">\r\n              <a class=\"btn btn-default\" href=\"javascript:void(0);\">Sign Up</a>\r\n            </div>\r\n          </div>\r\n        </div>\r\n        <!-- Pricing item END -->\r\n        <!-- Pricing item BEGIN -->\r\n        <div class=\"col-md-3 col-sm-6 col-xs-12\">\r\n          <div class=\"pricing-item\">\r\n            <div class=\"pricing-head\">\r\n              <h3>Pro</h3>\r\n              <p>Lorem ipsum dolor</p>\r\n            </div>\r\n            <div class=\"pricing-content\">\r\n              <div class=\"pi-price\">\r\n              	<strong>$<em>25</em></strong>\r\n              	<p>Per Month</p>\r\n              </div>\r\n	          <ul class=\"list-unstyled\">\r\n	            <li><i class=\"fa fa-circle\"></i> Lorem ipsum dolor</li>\r\n	            <li><i class=\"fa fa-circle\"></i> Lorem ipsum dolor</li>\r\n	            <li><i class=\"fa fa-circle\"></i> Lorem ipsum dolor</li>\r\n	          </ul>\r\n            </div>\r\n            <div class=\"pricing-footer\">\r\n              <a class=\"btn btn-default\" href=\"javascript:void(0);\">Sign Up</a>\r\n            </div>\r\n          </div>\r\n        </div>\r\n        <!-- Pricing item END -->\r\n        <!-- Pricing item BEGIN -->\r\n        <div class=\"col-md-3 col-sm-6 col-xs-12\">\r\n          <div class=\"pricing-item\">\r\n            <div class=\"pricing-head\">\r\n              <h3>Expert</h3>\r\n              <p>Lorem ipsum dolor</p>\r\n            </div>\r\n            <div class=\"pricing-content\">\r\n              <div class=\"pi-price\">\r\n              	<strong>$<em>59</em></strong>\r\n              	<p>Per Month</p>\r\n              </div>\r\n	          <ul class=\"list-unstyled\">\r\n	            <li><i class=\"fa fa-circle\"></i> Lorem ipsum dolor</li>\r\n	            <li><i class=\"fa fa-circle\"></i> Lorem ipsum dolor</li>\r\n	            <li><i class=\"fa fa-circle\"></i> Lorem ipsum dolor</li>\r\n	          </ul>\r\n            </div>\r\n            <div class=\"pricing-footer\">\r\n              <a class=\"btn btn-default\" href=\"javascript:void(0);\">Sign Up</a>\r\n            </div>\r\n          </div>\r\n        </div>\r\n        <!-- Pricing item END -->\r\n        <!-- Pricing item BEGIN -->\r\n        <div class=\"col-md-3 col-sm-6 col-xs-12\">\r\n          <div class=\"pricing-item\">\r\n            <div class=\"pricing-head\">\r\n              <h3>Hi-Tech</h3>\r\n              <p>Lorem ipsum dolor</p>\r\n            </div>\r\n            <div class=\"pricing-content\">\r\n              <div class=\"pi-price\">\r\n              	<strong>$<em>98</em></strong>\r\n              	<p>Per Month</p>\r\n              </div>\r\n	          <ul class=\"list-unstyled\">\r\n	            <li><i class=\"fa fa-circle\"></i> Lorem ipsum dolor</li>\r\n	            <li><i class=\"fa fa-circle\"></i> Lorem ipsum dolor</li>\r\n	            <li><i class=\"fa fa-circle\"></i> Lorem ipsum dolor</li>\r\n	          </ul>\r\n            </div>\r\n            <div class=\"pricing-footer\">\r\n              <a class=\"btn btn-default\" href=\"javascript:void(0);\">Sign Up</a>\r\n            </div>\r\n          </div>\r\n        </div>\r\n        <!-- Pricing item END -->\r\n      </div>\r\n    </div>\r\n  </div>\r\n  <!-- Prices block END -->\r\n\r\n  <!-- Testimonials block BEGIN -->\r\n  <div class=\"testimonials-block content content-center margin-bottom-65\">\r\n    <div class=\"container\">\r\n      <h2>Customer <strong>testimonials</strong></h2>\r\n      <h4>Lorem ipsum dolor sit amet, consectetuer adipiscing elit</h4>\r\n\r\n      <div class=\"carousel slide\" data-ride=\"carousel\" id=\"testimonials-block\">\r\n        <!-- Wrapper for slides -->\r\n        <div class=\"carousel-inner\">\r\n          <!-- Carousel items -->\r\n          <div class=\"active item\">\r\n            <blockquote><p>This is the most awesome, full featured, easy, costomizeble theme. It’s extremely responsive and very helpful to all suggestions.</p></blockquote>\r\n            <span class=\"testimonials-name\">Mark Doe</span>\r\n          </div>\r\n          <!-- Carousel items -->\r\n          <div class=\"item\">\r\n            <blockquote><p>Raw denim you probably haven\'t heard of them jean shorts Austin. Nesciunt tofu stumptown aliqua, retro synth master cleanse.</p></blockquote>\r\n            <span class=\"testimonials-name\">Joe Smith</span>\r\n          </div>\r\n          <!-- Carousel items -->\r\n          <div class=\"item\">\r\n            <blockquote><p>Williamsburg carles vegan helvetica. Cosby sweater eu banh mi, qui irure terry richardson ex squid Aliquip placeat salvia cillum iphone.</p></blockquote>\r\n            <span class=\"testimonials-name\">Linda Adams</span>\r\n          </div>\r\n        </div>\r\n        <!-- Indicators -->\r\n        <ol class=\"carousel-indicators\">\r\n          <li data-target=\"#testimonials-block\" data-slide-to=\"0\" class=\"active\"></li>\r\n          <li data-target=\"#testimonials-block\" data-slide-to=\"1\"></li>\r\n          <li data-target=\"#testimonials-block\" data-slide-to=\"2\"></li>\r\n        </ol>\r\n      </div>\r\n    </div>\r\n  </div>\r\n  <!-- Testimonials block END -->\r\n\r\n  <!-- Partners block BEGIN -->\r\n  <div class=\"partners-block\">\r\n    <div class=\"container\">\r\n      <div class=\"row\">\r\n        <div class=\"col-md-2 col-sm-3 col-xs-6\">\r\n          <img src=\"assets/frontend/onepage/img/partners/cisco.png\" alt=\"cisco\">\r\n        </div>\r\n        <div class=\"col-md-2 col-sm-3 col-xs-6\">\r\n          <img src=\"assets/frontend/onepage/img/partners/walmart.png\" alt=\"walmart\">\r\n        </div>\r\n        <div class=\"col-md-2 col-sm-3 col-xs-6\">\r\n          <img src=\"assets/frontend/onepage/img/partners/gamescast.png\" alt=\"gamescast\">\r\n        </div>\r\n        <div class=\"col-md-2 col-sm-3 col-xs-6\">\r\n          <img src=\"assets/frontend/onepage/img/partners/spinwokrx.png\" alt=\"spinwokrx\">\r\n        </div>\r\n        <div class=\"col-md-2 col-sm-3 col-xs-6\">\r\n          <img src=\"assets/frontend/onepage/img/partners/ngreen.png\" alt=\"ngreen\">\r\n        </div>\r\n        <div class=\"col-md-2 col-sm-3 col-xs-6\">\r\n          <img src=\"assets/frontend/onepage/img/partners/vimeo.png\" alt=\"vimeo\">\r\n        </div>\r\n      </div>\r\n    </div>\r\n  </div>\r\n  <!-- Partners block END -->\r\n\r\n  <!-- BEGIN PRE-FOOTER -->\r\n  <div class=\"pre-footer\" id=\"contact\">\r\n    <div class=\"container\">\r\n      <div class=\"row\">\r\n        <!-- BEGIN BOTTOM ABOUT BLOCK -->\r\n        <div class=\"col-md-4 col-sm-6 pre-footer-col\">\r\n          <h2>About us</h2>\r\n          <p>Lorem ipsum dolor sit amet, consectetuer adipiscing elit, sed diam sit nonummy nibh euismod tincidunt ut laoreet dolore magna aliquarm erat sit volutpat. Nostrud exerci tation ullamcorper suscipit lobortis nisl aliquip  commodo consequat. </p>\r\n          <p>Duis autem vel eum iriure dolor vulputate velit esse molestie at dolore.</p>\r\n        </div>\r\n        <!-- END BOTTOM ABOUT BLOCK -->\r\n\r\n        <!-- BEGIN TWITTER BLOCK --> \r\n        <div class=\"col-md-4 col-sm-6 pre-footer-col\">\r\n          <h2 class=\"margin-bottom-0\">Latest Tweets</h2>\r\n          <a class=\"twitter-timeline\" href=\"https://twitter.com/twitterapi\" data-tweet-limit=\"2\" data-theme=\"dark\" data-link-color=\"#57C8EB\" data-widget-id=\"455411516829736961\" data-chrome=\"noheader nofooter noscrollbar noborders transparent\">Loading tweets by @keenthemes...</a>      \r\n        </div>\r\n        <!-- END TWITTER BLOCK -->\r\n        \r\n        <div class=\"col-md-4 col-sm-6 pre-footer-col\">\r\n          <!-- BEGIN BOTTOM CONTACTS -->\r\n          <h2>Our Contacts</h2>\r\n          <address class=\"margin-bottom-20\">\r\n            35, Lorem Lis Street, Park Ave<br>\r\n            California, US<br>\r\n            Phone: 300 323 3456<br>\r\n            Fax: 300 323 1456<br>\r\n            Email: <a href=\"mailto:info@metronic.com\">info@metronic.com</a><br>\r\n            Skype: <a href=\"skype:metronic\">metronic</a>\r\n          </address>\r\n          <!-- END BOTTOM CONTACTS -->\r\n\r\n          <div class=\"pre-footer-subscribe-box\">\r\n            <h2>Newsletter</h2>\r\n            <form action=\"javascript:void(0);\">\r\n              <div class=\"input-group\">\r\n                <input type=\"text\" placeholder=\"youremail@mail.com\" class=\"form-control\">\r\n                <span class=\"input-group-btn\">\r\n                  <button class=\"btn btn-primary\" type=\"submit\">Subscribe</button>\r\n                </span>\r\n              </div>\r\n            </form>\r\n          </div>\r\n        </div>\r\n      </div>\r\n    </div>\r\n  </div>\r\n  <!-- END PRE-FOOTER -->\r\n\r\n  <!-- BEGIN FOOTER -->\r\n  <div class=\"footer\">\r\n    <div class=\"container\">\r\n      <div class=\"row\">\r\n        <!-- BEGIN COPYRIGHT -->\r\n        <div class=\"col-md-6 col-sm-6\">\r\n          <div class=\"copyright\">2014 © Metronic One Page. ALL Rights Reserved.</div>\r\n        </div>\r\n        <!-- END COPYRIGHT -->\r\n        <!-- BEGIN SOCIAL ICONS -->\r\n        <div class=\"col-md-6 col-sm-6 pull-right\">\r\n          <ul class=\"social-icons\">\r\n            <li><a class=\"rss\" data-original-title=\"rss\" href=\"javascript:void(0);\"></a></li>\r\n            <li><a class=\"facebook\" data-original-title=\"facebook\" href=\"javascript:void(0);\"></a></li>\r\n            <li><a class=\"twitter\" data-original-title=\"twitter\" href=\"javascript:void(0);\"></a></li>\r\n            <li><a class=\"googleplus\" data-original-title=\"googleplus\" href=\"javascript:void(0);\"></a></li>\r\n            <li><a class=\"linkedin\" data-original-title=\"linkedin\" href=\"javascript:void(0);\"></a></li>\r\n            <li><a class=\"youtube\" data-original-title=\"youtube\" href=\"javascript:void(0);\"></a></li>\r\n            <li><a class=\"vimeo\" data-original-title=\"vimeo\" href=\"javascript:void(0);\"></a></li>\r\n            <li><a class=\"skype\" data-original-title=\"skype\" href=\"javascript:void(0);\"></a></li>\r\n          </ul>\r\n        </div>\r\n        <!-- END SOCIAL ICONS -->\r\n      </div>\r\n    </div>\r\n  </div>\r\n  <!-- END FOOTER -->\r\n\r\n  <a href=\"#promo-block\" class=\"go2top scroll\"><i class=\"fa fa-arrow-up\"></i></a>\r\n\r\n  <!--[if lt IE 9]>\r\n    <script src=\"../assets/global/plugins/respond.min.js\"></script>\r\n  <![endif]-->\r\n\r\n  <!-- Load JavaScripts at the bottom, because it will reduce page load time -->\r\n  <!-- Core plugins BEGIN (For ALL pages) -->\r\n  <script src=\"assets/global/plugins/jquery-1.11.0.min.js\" type=\"text/javascript\"></script>\r\n  <script src=\"assets/global/plugins/jquery-migrate-1.2.1.min.js\" type=\"text/javascript\"></script>\r\n  <script src=\"assets/global/plugins/bootstrap/js/bootstrap.min.js\" type=\"text/javascript\"></script>\r\n  <!-- Core plugins END (For ALL pages) -->\r\n\r\n  <!-- BEGIN RevolutionSlider -->\r\n  <!-- <script src=\"assets/global/plugins/slider-revolution-slider/rs-plugin/js/jquery.themepunch.plugins.min.js\" type=\"text/javascript\"></script>\r\n  <script src=\"assets/global/plugins/slider-revolution-slider/rs-plugin/js/jquery.themepunch.revolution.min.js\" type=\"text/javascript\"></script>\r\n  <script src=\"assets/frontend/onepage/scripts/revo-ini.js\" type=\"text/javascript\"></script>-->\r\n  <!-- END RevolutionSlider -->\r\n\r\n  <!-- Core plugins BEGIN (required only for current page) -->\r\n  <script src=\"assets/global/plugins/fancybox/source/jquery.fancybox.pack.js\" type=\"text/javascript\"></script><!-- pop up -->\r\n  <script src=\"assets/global/plugins/jquery.easing.js\"></script>\r\n  <script src=\"assets/global/plugins/jquery.parallax.js\"></script>\r\n  <script src=\"assets/global/plugins/jquery.scrollTo.min.js\"></script>\r\n  <script src=\"assets/frontend/onepage/scripts/jquery.nav.js\"></script>\r\n  <!-- Core plugins END (required only for current page) -->\r\n\r\n  <!-- Global js BEGIN -->\r\n  <script src=\"assets/frontend/onepage/scripts/layout.js\" type=\"text/javascript\"></script>\r\n  <script>\r\n    $(document).ready(function() {\r\n      Layout.init();\r\n    });\r\n  </script>\r\n  <!-- Global js END -->',1,'news_page_home_body',NULL,NULL,3,'2014-11-08 04:14:28','2014-11-09 13:08:16'),(17,NULL,'partialSlider',1,'Partial Slider',NULL,'<div class=\"promo-block\" id=\"promo-block\">\r\n  	<div class=\"tp-banner-container\">\r\n  		<div class=\"tp-banner\" >\r\n  			<ul>\r\n    				<li data-transition=\"fade\" data-slotamount=\"5\" data-masterspeed=\"700\" data-delay=\"9400\" class=\"slider-item-1\">\r\n              <img src=\"assets/frontend/onepage/img/silder/slide1.jpg\" alt=\"\" data-bgfit=\"cover\" data-bgposition=\"center center\" data-bgrepeat=\"no-repeat\">\r\n    					<div class=\"tp-caption large_text customin customout start\"\r\n    						data-x=\"center\"\r\n    						data-hoffset=\"0\"\r\n    						data-y=\"center\"\r\n    						data-voffset=\"0\"\r\n    						data-customin=\"x:0;y:0;z:0;rotationX:90;rotationY:0;rotationZ:0;scaleX:1;scaleY:1;skewX:0;skewY:0;opacity:0;transformPerspective:200;transformOrigin:50% 0%;\"\r\n    						data-customout=\"x:0;y:0;z:0;rotationX:0;rotationY:0;rotationZ:0;scaleX:0.75;scaleY:0.75;skewX:0;skewY:0;opacity:0;transformPerspective:600;transformOrigin:50% 50%;\"\r\n    						data-speed=\"1000\"\r\n    						data-start=\"500\"\r\n    						data-easing=\"Back.easeInOut\"\r\n    						data-endspeed=\"300\">\r\n    						<div class=\"promo-like\"><i class=\"fa fa-thumbs-up\"></i></div>\r\n    						<div class=\"promo-like-text\">\r\n    							<h2>Khả năng của con người là vô hạn :)</h2>\r\n    							<p>Lorem ipsum dolor sit amet, consectetuer adipiscing<br> elit amet sed diam nonummy nibh <a href=\"javascript:void(0);\">dolore</a></p>\r\n    						</div>\r\n    					</div>\r\n                <div class=\"tp-caption large_bold_white fade\"\r\n                  data-x=\"center\"\r\n                  data-y=\"center\"\r\n                  data-voffset=\"-180\"\r\n                  data-speed=\"300\"\r\n                  data-start=\"1700\"\r\n                  data-easing=\"Power4.easeOut\"\r\n                  data-endspeed=\"500\"\r\n                  data-endeasing=\"Power1.easeIn\"\r\n                  data-captionhidden=\"off\"\r\n                  style=\"z-index: 6\">Parallax <span>One Page</span> Has Arrived\r\n                </div>\r\n          	</li>\r\n      			<li data-transition=\"fadefromright\" data-slotamount=\"5\" data-masterspeed=\"700\" data-delay=\"9400\" class=\"slider-item-2\">\r\n                <img src=\"assets/frontend/onepage/img/silder/Slide2_bg.jpg\" alt=\"slidebg2\" data-bgfit=\"cover\" data-bgposition=\"center center\" data-bgrepeat=\"no-repeat\">\r\n      					<div class=\"caption lft start\"\r\n      						data-y=\"center\"\r\n      						data-voffset=\"0\"\r\n                  data-x=\"center\"\r\n                  data-hoffset=\"-250\"\r\n                  data-speed=\"600\" \r\n                  data-start=\"500\" \r\n                  data-easing=\"easeOutBack\"><img src=\"assets/frontend/onepage/img/silder/Slide2_iphone_left.png\" alt=\"\">\r\n      					</div>\r\n      					<div class=\"caption lft start\"\r\n      						data-y=\"center\"\r\n      						data-voffset=\"130\"\r\n                  data-x=\"center\"\r\n                  data-hoffset=\"170\"\r\n                  data-speed=\"600\" \r\n                  data-start=\"1200\" \r\n                  data-easing=\"easeOutBack\"><img src=\"assets/frontend/onepage/img/silder/Slide2_iphone_right.png\" alt=\"\">\r\n      					</div>\r\n      					<div class=\"tp-caption mobi-caption large_bold_white fade\"\r\n      						data-x=\"center\"\r\n      						data-y=\"-30\"\r\n      						data-speed=\"300\"\r\n      						data-start=\"1700\"\r\n      						data-easing=\"Power4.easeOut\"\r\n      						data-endspeed=\"500\"\r\n      						data-endeasing=\"Power1.easeIn\"\r\n      						data-captionhidden=\"off\"\r\n      						style=\"z-index: 6\">Extremely Responsive Design\r\n      					</div>\r\n          		</li>\r\n            <li data-transition=\"fade\" data-slotamount=\"5\" data-masterspeed=\"700\" data-delay=\"9400\" class=\"slider-item-3\">\r\n\r\n              <div class=\"tp-caption tp-fade fadeout fullscreenvideo\"\r\n                data-x=\"0\"\r\n                data-y=\"0\"\r\n                data-speed=\"1000\"\r\n                data-start=\"1100\"\r\n                data-easing=\"Power4.easeOut\"\r\n                data-endspeed=\"1500\"\r\n                data-endeasing=\"Power4.easeIn\"\r\n                data-autoplay=\"true\"\r\n                data-autoplayonlyfirsttime=\"false\"\r\n                data-nextslideatend=\"true\"\r\n                data-forceCover=\"1\"\r\n                data-dottedoverlay=\"twoxtwo\"\r\n                data-aspectratio=\"16:9\"\r\n                data-forcerewind=\"on\"\r\n                style=\"z-index: 2\">\r\n\r\n               <video class=\"video-js vjs-default-skin\" preload=\"none\" width=\"100%\" height=\"100%\">\r\n                <source src=\'http://goodwebtheme.com/previewvideo/forest_edit.mp4\' type=\'video/mp4\'>\r\n                <source src=\'http://goodwebtheme.com/previewvideo/forest_edit.webm\' type=\'video/webm\'>\r\n                <source src=\'http://goodwebtheme.com/previewvideo/forest_edit.ogv\' type=\'video/ogg\'>\r\n               </video>\r\n              </div>\r\n\r\n              <div class=\"tp-caption large_bold_white_25 customin customout tp-resizeme\"\r\n                data-x=\"center\" data-hoffset=\"0\"\r\n                data-y=\"170\"\r\n                data-customin=\"x:0;y:0;z:0;rotationX:0;rotationY:0;rotationZ:0;scaleX:5;scaleY:5;skewX:0;skewY:0;opacity:0;transformPerspective:600;transformOrigin:50% 50%;\"\r\n                data-customout=\"x:0;y:0;z:0;rotationX:0;rotationY:0;rotationZ:0;scaleX:0.75;scaleY:0.75;skewX:0;skewY:0;opacity:0;transformPerspective:600;transformOrigin:50% 50%;\"\r\n                data-speed=\"600\"\r\n                data-start=\"1400\"\r\n                data-easing=\"Power4.easeOut\"\r\n                data-endspeed=\"600\"\r\n                data-endeasing=\"Power0.easeIn\"\r\n                style=\"z-index: 3\">The clearest way into the Universe<br/>is through a forest wilderness.\r\n              </div>\r\n\r\n              <div class=\"tp-caption medium_text_shadow customin customout tp-resizeme\"\r\n                data-x=\"center\" data-hoffset=\"0\"\r\n                data-y=\"bottom\" data-voffset=\"-140\"\r\n                data-customin=\"x:0;y:0;z:0;rotationX:0;rotationY:0;rotationZ:0;scaleX:5;scaleY:5;skewX:0;skewY:0;opacity:0;transformPerspective:600;transformOrigin:50% 50%;\"\r\n                data-customout=\"x:0;y:0;z:0;rotationX:0;rotationY:0;rotationZ:0;scaleX:0.75;scaleY:0.75;skewX:0;skewY:0;opacity:0;transformPerspective:600;transformOrigin:50% 50%;\"\r\n                data-speed=\"600\"\r\n                data-start=\"1700\"\r\n                data-easing=\"Power4.easeOut\"\r\n                data-endspeed=\"600\"\r\n                data-endeasing=\"Power0.easeIn\"\r\n                style=\"z-index: 4\">John Muir\r\n              </div>\r\n            </li>\r\n          </ul>\r\n      	</div>\r\n  	</div>\r\n  </div>\r\n  <!--[if lt IE 9]>\r\n    <script src=\"assets/global/plugins/respond.min.js\"></script>\r\n  <![endif]-->\r\n\r\n  <!-- Load JavaScripts at the bottom, because it will reduce page load time -->\r\n  <!-- Core plugins BEGIN (For ALL pages) -->\r\n  <script src=\"assets/global/plugins/jquery-1.11.0.min.js\" type=\"text/javascript\"></script>\r\n  <script src=\"assets/global/plugins/jquery-migrate-1.2.1.min.js\" type=\"text/javascript\"></script>\r\n  <script src=\"assets/global/plugins/bootstrap/js/bootstrap.min.js\" type=\"text/javascript\"></script>\r\n  <!-- Core plugins END (For ALL pages) -->\r\n\r\n  <!-- BEGIN RevolutionSlider -->\r\n  <script src=\"assets/global/plugins/slider-revolution-slider/rs-plugin/js/jquery.themepunch.plugins.min.js\" type=\"text/javascript\"></script>\r\n  <script src=\"assets/global/plugins/slider-revolution-slider/rs-plugin/js/jquery.themepunch.revolution.min.js\" type=\"text/javascript\"></script>\r\n  <script src=\"assets/frontend/onepage/scripts/revo-ini.js\" type=\"text/javascript\"></script>\r\n  <!-- END RevolutionSlider -->\r\n\r\n  <!-- Core plugins BEGIN (required only for current page) -->\r\n  <script src=\"assets/global/plugins/fancybox/source/jquery.fancybox.pack.js\" type=\"text/javascript\"></script><!-- pop up -->\r\n  <script src=\"assets/global/plugins/jquery.easing.js\"></script>\r\n  <script src=\"assets/global/plugins/jquery.parallax.js\"></script>\r\n  <script src=\"assets/global/plugins/jquery.scrollTo.min.js\"></script>\r\n  <script src=\"assets/frontend/onepage/scripts/jquery.nav.js\"></script>\r\n  <!-- Core plugins END (required only for current page) -->\r\n\r\n  <!-- Global js BEGIN -->\r\n  <script src=\"assets/frontend/onepage/scripts/layout.js\" type=\"text/javascript\"></script>\r\n  <script>\r\n    $(document).ready(function() {\r\n      Layout.init();\r\n    });\r\n  </script>\r\n  <!-- Global js END -->',1,'partial',NULL,NULL,4,'2014-11-09 09:38:50','2014-11-09 13:29:41'),(18,43,'hai-kich-ban-tiep-theo-cho-mau-thuan-nga-phuong-tay',1,'Hai kịch bản tiếp theo cho mâu thuẫn Nga - phương Tây','Một là phương Tây phải chấp nhận các yêu cầu của Nga trên vấn đề Ukraine, nhưng cái giá phải trả quá lớn; hai là cuộc đàm phán bốn bên sẽ thất bại và phương Tây tiếp tục bất đồng về cách gia tăng sức ép với Moscow.','<p>&nbsp;</p>\n<table class=\"tplCaption\" border=\"0\" cellspacing=\"0\" cellpadding=\"3\" align=\"center\">\n<tbody>\n<tr>\n<td><img src=\"upload/media/63_Young-people-chat-as-the-005-7550-1441968828.jpg\" alt=\"\" width=\"622\" height=\"350\" /></td>\n</tr>\n<tr>\n<td>\n<p class=\"Image\">Cuộc hội đ&agrave;m tại Minsk săp tới chỉ c&oacute; thể th&agrave;nh c&ocirc;ng nếu Tổng thống Ukraine&nbsp;Petro Poroshenko (giữa) chấp nhận c&aacute;c y&ecirc;u cầu của Nga. Từ tr&aacute;i qua phải l&agrave; Thủ tướng Đức Angela Merkel, Tổng thống&nbsp;Poroshenko v&agrave; Tổng thống Ph&aacute;p Francois Hollande trong cuộc hội đ&agrave;m h&ocirc;m 5/2 tại Kiev.&nbsp;Ảnh: <em>AP</em></p>\n</td>\n</tr>\n</tbody>\n</table>\n<p class=\"Normal\">Trong cuộc điện đ&agrave;m gần đ&acirc;y giữa Thủ tướng Đức Angela Merkel, Tổng thống Ph&aacute;p Francois Hollande, Tổng thống Nga Vladimir Putin v&agrave; Tổng thống Ukraine Petro Poroshenko, c&aacute;c nh&agrave; l&atilde;nh đạo thống nhất sẽ tiến h&agrave;nh cuộc đ&agrave;m ph&aacute;n bốn b&ecirc;n, nhằm t&igrave;m kiếm giải ph&aacute;p h&ograve;a b&igrave;nh cho cuộc khủng hoảng ở miền đ&ocirc;ng Ukraine. Cuộc họp dự kiến diễn ra ng&agrave;y mai tại thủ đ&ocirc; Minsk, Belarus.</p>\n<p class=\"Normal\">Mục ti&ecirc;u của cuộc đ&agrave;m ph&aacute;n l&agrave; x&acirc;y dựng một g&oacute;i giải ph&aacute;p nhằm hồi sinh thỏa thuận h&ograve;a b&igrave;nh k&yacute; kết hồi th&aacute;ng 9 năm ngo&aacute;i tại Minsk, nhưng đ&atilde; bị vi phạm nhiều lần. <em>Financial Times</em> h&ocirc;m qua đăng b&agrave;i x&atilde; luận đ&aacute;nh gi&aacute; rằng, \"thỏa thuận n&agrave;y vẫn l&agrave; nền tảng khả thi để thực hiện đ&igrave;nh chiến, từ đ&oacute; dọn đường cho tiến tr&igrave;nh h&ograve;a giải rộng lớn hơn\".</p>\n<p class=\"Normal\">Ch&iacute;nh v&igrave; vậy, sự th&agrave;nh bại của v&ograve;ng đ&agrave;m ph&aacute;n bốn b&ecirc;n sắp tới sẽ t&aacute;c động quan trọng đến diễn biến tiếp theo tr&ecirc;n chiến trường miền đ&ocirc;ng Ukraine, cũng như cục diện căng thẳng ch&iacute;nh trị giữa Nga v&agrave; phương T&acirc;y, đặc biệt trong bối cảnh quan điểm v&agrave; lợi &iacute;ch của c&aacute;c b&ecirc;n c&ograve;n nhiều bất đồng.</p>\n<p class=\"subtitle\">C&aacute;i gi&aacute; cho thỏa thuận đ&igrave;nh chiến</p>\n<p class=\"Normal\">Theo quan điểm của Nga, ngọn nguồn của cuộc khủng hoảng Ukraine l&agrave; bởi phương T&acirc;y muốn &aacute;p đặt &yacute; ch&iacute; l&ecirc;n Moscow.&nbsp;Tổng thống Putin&nbsp;lo ngại rằng, nếu Ukraine rơi v&agrave;o v&ograve;ng ảnh hưởng của phương T&acirc;y, điều n&agrave;y sẽ uy hiếp đến an ninh v&agrave; vị thế địa ch&iacute;nh trị của Moscow. Ukraine từng thuộc Li&ecirc;n bang X&ocirc; viết v&agrave; l&agrave; quốc gia c&oacute; diện t&iacute;ch lớn nhất nằm chắn giữa Nga với Li&ecirc;n minh ch&acirc;u &Acirc;u (EU).</p>\n<p class=\"Normal\">&Ocirc;ng chủ Điện kremlin&nbsp;h&ocirc;m qua một lần nữa l&ecirc;n tiếng c&aacute;o buộc&nbsp;c&aacute;c nước phương T&acirc;y đ&atilde; ph&aacute; vỡ cam kết kh&ocirc;ng mở rộng sức ảnh hưởng của Li&ecirc;n minh qu&acirc;n sự Bắc Đại T&acirc;y Dương (NATO) sang c&aacute;c nước cựu th&agrave;nh vi&ecirc;n Li&ecirc;n X&ocirc; v&agrave; bỏ qua lợi &iacute;ch của Nga.&nbsp;</p>\n<p class=\"Normal\">V&igrave; vậy, cuộc đ&agrave;m ph&aacute;n bốn b&ecirc;n sắp tới được cho l&agrave; sẽ chỉ c&oacute; thể th&agrave;nh c&ocirc;ng nếu như ch&iacute;nh phủ Ukraine chịu thỏa hiệp v&agrave; thỏa m&atilde;n c&aacute;c đề xuất của Nga. Theo đ&oacute;, Kiev phải thừa nhận c&aacute;c v&ugrave;ng l&atilde;nh thổ m&agrave; qu&acirc;n ly khai gi&agrave;nh quyền kiểm so&aacute;t kể từ sau th&aacute;ng 9/2014, thậm ch&iacute; l&agrave; chấp nhận cơ chế tự trị lớn hơn nữa cho khu vực miền đ&ocirc;ng quốc gia n&agrave;y.</p>\n<p class=\"Normal\">Trong một buổi phỏng vấn với&nbsp;đ&agrave;i truyền h&igrave;nh&nbsp;<em>Channel 1</em>&nbsp;hồi cuối th&aacute;ng 8/2014, Tổng thống Putin từng&nbsp;đề cập đến cơ chế nh&agrave; nước cho miền đ&ocirc;ng nam Ukraine. \"C&aacute;c cuộc đ&agrave;m ph&aacute;n c&oacute; &yacute; nghĩa về một tổ chức ch&iacute;nh trị v&agrave; một nh&agrave; nước ở đ&ocirc;ng nam Ukraine n&ecirc;n được tổ chức ngay\", &ocirc;ng n&oacute;i.</p>\n<p class=\"Normal\">Tuy nhi&ecirc;n, c&aacute;c nh&agrave; ph&acirc;n t&iacute;ch cho rằng c&aacute;c nước phương T&acirc;y v&agrave; ch&iacute;nh phủ Ukraine kh&oacute; c&oacute; thể chấp nhận c&aacute;c nhượng bộ tr&ecirc;n. \"Đ&acirc;y&nbsp;l&agrave; một tấm bản đồ lộ tr&igrave;nh để tạo ra v&ugrave;ng Transnistria hoặc Abkhazia mới ở Ukraine\", một nh&agrave; ngoại giao phương T&acirc;y b&igrave;nh luận. Transnistria l&agrave; v&ugrave;ng đất thuộc Nga trong l&ograve;ng Moldova, quốc gia nằm s&acirc;u trong lục địa ở Đ&ocirc;ng &Acirc;u. Abkhazia l&agrave; khu vực ly khai do Moscow khống chế tại Gruzia.</p>\n<p class=\"Normal\">Ngay sau cuộc hội đ&agrave;m giữa l&atilde;nh đạo ba nước Đức, Ph&aacute;p v&agrave; Ukraine tại Kiev h&ocirc;m 5/4, &ocirc;ng&nbsp;Valeriy Chaly, trợ l&yacute; đối ngoại của Tổng thống&nbsp;Poroshenko, cho hay nội dung cuộc họp tập trung thảo luận t&iacute;nh cần thiết của việc thực hiện c&aacute;c điều khoản trong thỏa thuận Minsk.&nbsp;</p>\n<p class=\"Normal\">Trong Hội nghị Munich hai ng&agrave;y sau, Tổng thống&nbsp;Poroshenko một lần nữa khẳng định lại quan điểm tr&ecirc;n, đồng thời&nbsp;k&ecirc;u gọi c&aacute;c l&atilde;nh đạo cung cấp vũ kh&iacute; cho Kiev để chống lại lực lượng ly khai. \"T&ocirc;i biết rằng nhiều chuy&ecirc;n gia cho rằng cải thiện lực lượng qu&acirc;n sự của ch&uacute;ng t&ocirc;i sẽ c&agrave;ng k&iacute;ch động g&acirc;y hấn. Ngược lại, ch&uacute;ng t&ocirc;i lại thấy việc thiếu khả năng ph&ograve;ng vệ l&agrave;m k&iacute;ch động chiến dịch nổi dậy chống Ukraine v&agrave; khiến t&igrave;nh h&igrave;nh leo thang\", &ocirc;ng n&agrave;y n&oacute;i.</p>\n<p class=\"Normal\">\"Thật r&otilde; r&agrave;ng, &ocirc;ng&nbsp;Poroshenko kh&ocirc;ng thể chấp nhận được c&aacute;i gi&aacute; l&agrave; cơ chế li&ecirc;n mang lỏng lẻo m&agrave; Nga muốn &aacute;p đạt cho Ukraine\", &ocirc;ng&nbsp;Philip Stephens, ph&oacute; tổng bi&ecirc;n tập <em>Financial Times</em>, b&igrave;nh luận.</p>\n<p class=\"subtitle\">Nếu như đ&agrave;m ph&aacute;n thất bại</p>\n<table class=\"tplCaption\" border=\"0\" cellspacing=\"0\" cellpadding=\"3\" align=\"center\">\n<tbody>\n<tr>\n<td><img src=\"http://m.f29.img.vnecdn.net/2015/02/10/obama1-8013-1423528424-9189-1423562947.jpg\" alt=\"obama1-8013-1423528424-9189-1423562947.j\" data-natural-=\"\" data-width=\"500\" data-pwidth=\"470.40625\" /></td>\n</tr>\n<tr>\n<td>\n<p class=\"Image\">Mỹ v&agrave; EU vẫn bất đồng về c&aacute;ch ứng ph&oacute; với Nga nếu hội đ&agrave;m Minsk thất bại. Tronh ảnh l&agrave;&nbsp;Tổng thống Obama v&agrave; Thủ tướng Đức Angela Merkel tại Nh&agrave; Trắng h&ocirc;m qua. Ảnh: <em>Reuters</em></p>\n</td>\n</tr>\n</tbody>\n</table>\n<p class=\"Normal\">C&aacute;c nh&agrave; ph&acirc;n t&iacute;ch cho rằng, nếu như cuộc đ&agrave;m ph&aacute;n Minsk sắp tới thất bại, Mỹ v&agrave; Li&ecirc;n minh ch&acirc;u &Acirc;u (EU) phải đứng trước hai sự lựa chọn kh&oacute; khăn: hoặc l&agrave; tiếp tục chiến lược trừng phạt kinh tế nhưng chưa chắc đ&atilde; th&agrave;nh c&ocirc;ng, hoặc l&agrave; trực tiếp hỗ trợ qu&acirc;n sự cho Ukraine, động th&aacute;i chắc chắn sẽ vấp phải sự phản ứng mạnh mẽ từ Nga.</p>\n<p class=\"Normal\">\"Sự lựa chọn của phương T&acirc;y l&agrave; rất hạn chế\", &ocirc;ng Philip Stephens nhận định. \"Để đưa ra được quyết định s&aacute;ng suốt, họ phải hiểu rằng cục diện trước mắt kh&ocirc;ng chỉ li&ecirc;n quan đến Ukraine\".</p>\n<p class=\"Normal\">Thủ tướng Đức Merkel v&agrave; Tổng thống Ph&aacute;p&nbsp;Hollande đều nhất tr&iacute; cho rằng việc vũ trang cho qu&acirc;n đội Ukraine sẽ đẩy ch&acirc;u &Acirc;u v&agrave;o một cuộc đối đầu trực tiếp.</p>\n<p class=\"Normal\">\"Họ hiểu rằng &ocirc;ng Putin hiện nay chỉ c&oacute; thể gi&agrave;nh được sự ủng hộ trong nước khi khơi dậy t&acirc;m l&yacute; phẫn nộ của người d&acirc;n để với c&aacute;i gọi l&agrave; &acirc;m mưu khuất phục Nga của EU v&agrave; NATO\", &ocirc;ng&nbsp;Stephens cho biết.</p>\n<p class=\"Normal\">Ph&aacute;t biểu sau cuộc hội đ&agrave;m h&ocirc;m qua với Tổng thống Barack Obama, Thủ tướng Merkel vẫn ki&ecirc;n tr&igrave; quan điểm rằng, phương T&acirc;y cần tiếp tục theo đuổi biện ph&aacute;p ngoại giao, d&ugrave; đ&atilde; nhiều lần thất bại.&nbsp;Trong Hội nghị Munich trước đ&oacute;, b&agrave; cũng nhấn mạnh&nbsp;tiếp tục c&aacute;c lệnh trừng phạt trong thời gian d&agrave;i c&oacute; lẽ l&agrave; chiến lược tốt nhất.</p>\n<p class=\"Normal\">C&ograve;n Ngoại trưởng Ph&aacute;p&nbsp;Laurent Fabius cho rằng c&aacute;c thỏa thuận trong tương lai đều phải dựa v&agrave;o c&agrave;ng nhiều c&agrave;ng tốt những điều khoản m&agrave; c&aacute;c b&ecirc;n đ&atilde; đạt được trong thỏa thuận Minsk hồi th&aacute;ng 9/2014.</p>\n<p class=\"Normal\">Trong khi đ&oacute;, Mỹ vẫn để ngỏ khả năng cung cấp vũ kh&iacute; ph&ograve;ng vệ cho Ukraine. \"Nếu như c&aacute;c biện ph&aacute;p ngoại giao thất bại, th&igrave; điều t&ocirc;i y&ecirc;u cầu l&agrave; xem x&eacute;t tất cả c&aacute;c lựa chọn. V&agrave; khả năng cung cấp vũ kh&iacute; ph&ograve;ng vệ g&acirc;y s&aacute;t thương l&agrave; một trong c&aacute;c lựa chọn được xem x&eacute;t\", Tổng thống Obama cho biết.</p>\n<p class=\"Normal\">\"Tổng thống đang chịu ng&agrave;y c&agrave;ng nhiều sức &eacute;p về việc vũ trang cho Ukraine, từ c&aacute;c nghị sĩ thuộc phe diều h&acirc;u v&agrave; một số th&agrave;nh vi&ecirc;n nội c&aacute;c\", b&igrave;nh luận vi&ecirc;n&nbsp;Michael Shear của <em>New York Times</em> nhận định.</p>\n<p class=\"Normal\">Thượng nghị sĩ đảng Cộng h&ograve;a John McCain, chủ tịch Ủy ban Qu&acirc;n sự của Thượng viện Mỹ, cho rằng Tổng thống Putin sẽ kh&ocirc;ng dừng lại nếu như phương T&acirc;y kh&ocirc;ng tăng cường hỗ trợ cho Kiev. \"T&ocirc;i c&oacute; thể đảm bảo rằng &ocirc;ng ấy sẽ kh&ocirc;ng bao giờ dừng lại nếu kh&ocirc;ng phải trả một c&aacute;i gi&aacute; đắt hơn\", ch&iacute;nh trị gia n&agrave;y n&oacute;i.</p>\n<p class=\"Normal\">Tuy nhi&ecirc;n, một số học giả v&agrave; quan chức cho rằng phương T&acirc;y vẫn c&ograve;n sự lựa chọn thứ ba, đ&oacute; l&agrave; viện trợ kinh tế cho ch&iacute;nh quyền Kiev ở mức độ lớn nhất c&oacute; thể. \"Nhiệm vụ cấp thiết trước mắt l&agrave; Quỹ Tiền tệ Quốc tế (IMF) cho ra bằng được một phương &aacute;n hỗ trợ t&agrave;i ch&iacute;nh mới cho Ukraine\", một quan chức c&acirc;p cao của tổ chức n&agrave;y b&igrave;nh luận. \"Nếu như nền kinh tế Ukraine sụp đổ, th&igrave; Nga nghiễm nhi&ecirc;n đạt được mục đ&iacute;ch của m&igrave;nh\".</p>\n<p class=\"Normal\">Cũng chung quan điểm tr&ecirc;n,&nbsp;&ocirc;ng Thomas Graham, cựu chủ quản vấn đề Nga của Hội đồng An ninh Quốc gia Mỹ, cho rằng t&aacute;i thiết Ukraine th&agrave;nh một quốc gia độc lập v&agrave; ki&ecirc;n quyết bảo vệ trật tự của phương T&acirc;y mới l&agrave; mục ti&ecirc;u theo đuổi cuối c&ugrave;ng.</p>',1,'news_post',0,NULL,5,'2014-12-06 03:38:56','2015-09-12 03:02:19'),(22,41,'bilbao-barca',1,'Bilbao - Barca: Không thể cưỡng lại','Với lợi thế sân nhà, Bilbao nhập cuộc khá tự tin và phần nào khiến Barca gặp khó khăn trong việc triển khai bóng. Tuy nhiên, may mắn đã đến với \"Gã khồng lồ xứ Catalunya\" khi họ sớm vươn lên dẫn trước ngay phút thứ 15, sau cú đá phạt chạm hàng rào đổi hướng làm bó tay thủ thành Iraizoz của Lionel Messi.','<p>Với lợi thế s&acirc;n nh&agrave;,&nbsp;Bilbao nhập cuộc kh&aacute; tự tin v&agrave; phần n&agrave;o khiến <strong>Barca </strong>gặp kh&oacute; khăn trong việc triển khai b&oacute;ng. Tuy nhi&ecirc;n, may mắn đ&atilde; đến với \"G&atilde; khồng lồ xứ Catalunya\" khi họ sớm vươn l&ecirc;n dẫn trước&nbsp;ngay ph&uacute;t thứ 15, sau&nbsp;c&uacute; đ&aacute; phạt chạm h&agrave;ng r&agrave;o đổi hướng&nbsp;l&agrave;m b&oacute; tay thủ th&agrave;nh&nbsp;Iraizoz của Lionel Messi.</p>\n<p>Tiếp đ&agrave; hưng phấn, Luis Suarez tiếp tục nh&acirc;n đ&ocirc;i c&aacute;ch biệt cho đội kh&aacute;ch sau t&igrave;nh huống phối hợp đẹp mắt c&ugrave;ng Messi ở ph&uacute;t thứ 26.</p>\n<p><span class=\"img-share\"><img id=\"news-image-id-0\" class=\"news-image\" src=\"http://24h-img.24hstatic.com/upload/1-2015/images/2015-02-09/1423432626-celebran_630x474--1-.jpg\" alt=\"Bilbao - Barca: Kh&ocirc;ng thể cưỡng lại - 1\" /></span></p>\n<p>Messi tiếp tục ch&oacute;i s&aacute;ng gi&uacute;p Barca \"hủy diệt\" Bilbao</p>\n<p>Đỉnh điểm hấp dẫn của trận đấu đến ở hiệp 2. Chỉ trong vỏn vẹn 8 ph&uacute;t, lần lượt Messi, Neymar b&ecirc;n ph&iacute;a <em>Barca </em>c&ugrave;ng&nbsp;Mikel Rico,&nbsp;Aduriz b&ecirc;n ph&iacute;a Bilbao cống hiến cho kh&aacute;n giả tới 4 b&agrave;n thắng,&nbsp;l&agrave;m n&ecirc;n cuộc rượt đuổi nghẹt thở.</p>\n<p>Tuy nhi&ecirc;n, mọi hy vọng c&oacute; điểm của Bilbao đ&atilde; bị dập tắt khi trung vệ&nbsp;Etxeita phải nhận thẻ đỏ ở ph&uacute;t 75, khiến đội chủ nh&agrave; chơi thiếu người. V&agrave;&nbsp;Pedro kh&ocirc;ng bỏ qua cơ hội ấn định kết quả 5-2 cho Barca trong&nbsp;những ph&uacute;t cuối trận.</p>\n<p>Nhẹ nh&agrave;ng vượt ải&nbsp;San Mam&eacute;s, Barca chỉ c&ograve;n k&eacute;m đại k&igrave;nh địch Real đ&uacute;ng 1 điểm tr&ecirc;n BXH.</p>\n<p><strong>Chung cuộc:</strong>&nbsp;<span style=\"text-decoration: underline;\">Bilbao 2-5&nbsp;Barca</span></p>\n<p><strong>Ghi b&agrave;n:&nbsp;</strong>Mikel Rico 59\', Aduriz 67\' -&nbsp;Messi 15\', Suarez 26\',&nbsp;Oscar de Marcos 62\' (phản lưới), Neymar 64\', Pedro 86\'</p>\n<p><strong>Thẻ đỏ:&nbsp;</strong>Etxeita 75\'</p>\n<p>&nbsp;</p>\n<p><strong>Đội h&igrave;nh ra s&acirc;n:</strong></p>\n<p><strong>Bilbao</strong>: Iraizoz; De Marcos, Etxeita, Laporte, Balenziaga; San Jose, Mikel Rico; Susaeta, Unai Lopez, Muniain; Aduriz.</p>\n<p><strong>Barca</strong>: Bravo; Dani Alves, Pique, Mathieu, Alba; Xavi, Busquets, Rakitic; Suarez, Messi, Neymar.</p>',1,'news_post',0,NULL,6,'2015-01-16 07:56:38','2015-02-10 20:06:19'),(23,41,'west-ham-mu-soi-dong-phut-bu-gio',1,'West Ham - MU: Sôi động phút bù giờ','Được đánh giá cao hơn, nhưng MU đã khởi đầu rất tồi tệ. Trong hiệp 1, tuyến giữa của \"Quỷ đỏ\" gần như tê liệt trước lối chơi hợp lý của đối thủ khiến các tiền đạo đói bóng, còn hàng thủ thường xuyên phải đối mặt với những pha lên bóng tiềm ẩn sự nguy hiểm của đội chủ nhà West Ham.','<p>Được đ&aacute;nh gi&aacute; cao hơn, nhưng <strong>MU</strong> đ&atilde; khởi đầu rất tồi tệ. Trong hiệp 1, tuyến giữa của \"Quỷ đỏ\" gần như t&ecirc; liệt trước lối chơi hợp l&yacute; của đối thủ khiến c&aacute;c tiền đạo đ&oacute;i b&oacute;ng, c&ograve;n h&agrave;ng thủ thường xuy&ecirc;n phải đối mặt với những pha l&ecirc;n b&oacute;ng tiềm ẩn sự nguy hiểm của đội chủ nh&agrave; West Ham.</p>\n<p>Nhưng may l&agrave; trong hiệp thi đấu đầu ti&ecirc;n, \"Quỷ đỏ\" đ&atilde; kh&ocirc;ng bị thủng lưới nhờ sự xuất sắc của De Gea trong khung gỗ. &Iacute;t nhất 2 lần, thủ th&agrave;nh người T&acirc;y Ban Nha đ&atilde; cứu thua cho MU với những pha cản ph&aacute; xuất thần thường thấy.</p>\n<p align=\"center\"><span class=\"img-share\"><img id=\"news-image-id-0\" class=\"news-image\" src=\"http://24h-img.24hstatic.com/upload/1-2015/images/2015-02-09/1423419535-bong-da-mu1.jpg\" alt=\"West Ham - MU: S&ocirc;i động ph&uacute;t b&ugrave; giờ - 1\" /></span></p>\n<p>Bị thủng lưới trước, may mắn MU (&aacute;o trắng) c&oacute; b&agrave;n gỡ h&ograve;a ở ph&uacute;t b&ugrave; giờ thứ 2</p>\n<p>Sang đầu hiệp 2, trong khi MU c&ograve;n chưa kịp xốc lại đội h&igrave;nh th&igrave; đội kh&aacute;ch đ&atilde; bị thủng lưới. Ph&uacute;t 49, từ pha đ&aacute; phạt, Kouyate xử l&yacute; kh&eacute;o l&eacute;o trong v&ograve;ng cấm rồi tung c&uacute; s&uacute;t căng hạ gục De Gea.</p>\n<p>Bị dẫn b&agrave;n, MU buộc phải đẩy cao đội h&igrave;nh, nhưng lối chơi của đội kh&aacute;ch c&oacute; phần bế tắc, hoặc khi c&oacute; cơ hội những ch&acirc;n s&uacute;t như Falcao hay Persie lại bỏ lỡ một c&aacute;ch đ&aacute;ng tiếc.</p>\n<p>Những tưởng, thầy tr&ograve; Van Gaal sẽ ra về tay trắng, th&igrave; đến ph&uacute;t b&ugrave; giờ thứ 2, Blind đ&atilde; sắm vai người h&ugrave;ng với pha bắt v&ocirc; l&ecirc; hiểm h&oacute;c gỡ h&ograve;a cho MU. Sau đ&oacute;, \"Quỷ đỏ\" c&ograve;n chơi thiếu người do Luke Shaw nhận thẻ v&agrave;ng thứ 2.</p>\n<p>Trận h&ograve;a h&uacute; v&iacute;a gi&uacute;p MU tiếp tục duy tr&igrave; được vị tr&iacute; thứ 4, nhưng chỉ c&ograve;n hơn đội xếp sau l&agrave; Tottenham vỏn vẹn c&oacute; 1 điểm.</p>\n<p><strong>Chung cuộc</strong>: <span style=\"text-decoration: underline;\">West Ham 1-1 MU</span></p>\n<p><strong>Ghi b&agrave;n:</strong></p>\n<p><strong>West Ham: </strong>Kouyate 49\'</p>\n<p><strong>MU: </strong>Blind 92\'</p>\n<p><strong>Thẻ đỏ</strong>: Luke Shaw 93\'</p>\n<p><strong>Đội h&igrave;nh ra s&acirc;n:</strong></p>\n<p><em>West Ham: Adrian, Jenkinson, Song, Tomkins, Cresswell, Kouyate, Noble, Downing, Nolan, Valencia, Sakho.</em></p>\n<p><em>MU: De Gea, Valencia, Jones, Rojo, Shaw, Blind, Rooney, Januzaj, Di Maria, van Persie, Falcao.</em></p>',1,'news_post',1,NULL,10,'2015-01-16 11:36:32','2015-02-10 21:04:06'),(24,41,'atletico-real-2-cu-dam-choang-vang',1,'Atletico - Real: Cơn ác mộng','Quá hiểu nhau nên Atletico và Real chủ động nhập cuộc chậm. Phút thứ 10, đội chủ nhà gặp tổn thất lớn khi Koke bị chấn thương rời sân, nhường chỗ cho Saul Niguez. Tuy nhiên không những không suy yếu mà Atletico còn mạnh mẽ hơn.','<p>Qu&aacute; hiểu nhau n&ecirc;n <strong>Atletico v&agrave; Real</strong> chủ động nhập cuộc chậm. Ph&uacute;t thứ 10, đội chủ nh&agrave; gặp tổn thất lớn khi Koke bị chấn thương rời s&acirc;n, nhường chỗ cho Saul Niguez. Tuy nhi&ecirc;n kh&ocirc;ng những kh&ocirc;ng suy yếu m&agrave; Atletico c&ograve;n mạnh mẽ hơn.</p>\n<p>Ph&uacute;t 14, Mandzukic l&agrave;m tường, nhả b&oacute;ng thuận lợi để Tiago tung c&uacute; đ&aacute; căng khiến Casillas kh&ocirc;ng thể bắt d&iacute;nh b&oacute;ng. Tr&ecirc;n đ&agrave; hưng phấn, Atletico li&ecirc;n tiếp dồn &eacute;p Real. Ph&uacute;t 18, cầu thủ v&agrave;o s&acirc;n từ ghế dự bị Niguez tung c&uacute; m&oacute;c xe đạp chổng ngược ho&agrave;n hảo, n&acirc;ng tỷ số l&ecirc;n <em>2-0 cho Atletico</em>.</p>\n<p class=\"img\" align=\"center\"><span class=\"img-share\"><img id=\"news-image-id-0\" class=\"news-image\" src=\"upload/media/68_photo-70-685x1024.jpg\" alt=\"Atletico - Real: Cơn &aacute;c mộng - 1\" width=\"220\" height=\"160\" /></span></p>\n<p>Atletico thăng hoa tột đỉnh</p>\n<p>Bị dẫn 0-2, Real đ&aacute; rất bế tắc. Ronaldo trở lại sau &aacute;n treo gi&ograve;, thi đấu nhạt nh&ograve;a. Bale gần như mất h&uacute;t. Benzema, Isco cũng kh&ocirc;ng để lại dấu ấn n&agrave;o. &Iacute;t ph&uacute;t cuối hiệp 1, \"Kền kền trắng\" nỗ lực đẩy cao đội h&igrave;nh nhưng kh&ocirc;ng thể g&acirc;y kh&oacute; khăn nhiều cho Atletico.</p>\n<p>Sang hiệp 2, <em>t&igrave;nh h&igrave;nh vẫn kh&ocirc;ng c&oacute; g&igrave; s&aacute;ng sủa với Real</em>. H&agrave;ng c&ocirc;ng của họ tiếp tục bế tắc tột độ c&ograve;n h&agrave;ng thủ mắc nhiều sai lầm. V&igrave; thế việc \"Los Blancos\" bị thủng lưới th&ecirc;m 2 b&agrave;n nữa ở ph&uacute;t 67 (Griezmann) v&agrave; ph&uacute;t 89 (Mandzukic) cũng thật dễ hiểu.</p>\n<p>Thua \"lấm lưng trắng bụng\", Real chịu sức n&oacute;ng từ ch&iacute;nh Atletico v&agrave; cả Barca.</p>\n<p><strong>Chung cuộc:</strong> <span style=\"text-decoration: underline;\">Atletico 4-0 Real</span></p>\n<p><strong>Ghi b&agrave;n: </strong>Tiago 14\', Saul Niguez 18\', Griezmann 67\', Mandzukic 89\'</p>\n<p><strong>Đội h&igrave;nh xuất ph&aacute;t:</strong></p>\n<p><strong>Atletico</strong>: 1 Moya 23 Miranda 2 Diego Godin 3 Guillherme Siqueira 20 Juanfran 5 Tiago 14 Gabi 10 Arda Turan 6 Koke 7 Antoine Griezmann 9 Mario Mandzukic.</p>\n<p><strong>Real:</strong> 1 Iker Casillas 5 Fabio Coentrao 18 Jose Ignacio Fernandez 15 Daniel Carvajal 2 Raphael Varane 6 Sami Khedira 8 Toni Kroos 23 Isco 11 Gareth Bale 7 Cristiano Ronaldo 9 Karim Benzema.</p>',1,'news_post',0,NULL,7,'2015-01-19 03:13:44','2015-09-12 09:04:42'),(25,41,'tieu-diem-big-5-nha-vong-24-quyen-luc-toi-thuong',1,'Tiêu điểm Big 5 NHA vòng 24: Quyền lực tối thượng','“The Blues” cho thấy sự vượt trội so với phần còn lại của Premier League, như hình ảnh đoàn quân bách chiến bách thắng mà họ tạo ra khi mở đầu chiến dịch 2014-15. Khoảng cách 7 điểm so với đội xếp thứ 2 Man City – nhà đương kim vô địch của giải đấu – đã nói lên điều ấy.','<p><strong>Chelsea: X&acirc;y chắc ng&ocirc;i đầu</strong></p>\n<p>&ldquo;The Blues&rdquo; cho thấy sự vượt trội so với phần c&ograve;n lại của <a class=\"TextlinkBaiviet\" href=\"http://www.24h.com.vn/premier-league-2012-13-tu-dai-gia-quyet-dau-c48e2367.html\">Premier League</a>, như h&igrave;nh ảnh đo&agrave;n qu&acirc;n b&aacute;ch chiến b&aacute;ch thắng m&agrave; họ tạo ra khi mở đầu chiến dịch 2014-15. Khoảng c&aacute;ch 7 điểm so với đội xếp thứ 2 Man City &ndash; nh&agrave; đương kim v&ocirc; địch của giải đấu &ndash; đ&atilde; n&oacute;i l&ecirc;n điều ấy.</p>\n<p><span class=\"img-share\"><img id=\"news-image-id-0\" class=\"news-image\" src=\"http://24h-img.24hstatic.com/upload/1-2015/images/2015-02-09/1423447997-256f327600000578-2943899-image-a-87_1423327261887.jpg\" alt=\"Ti&ecirc;u điểm Big 5 NHA v&ograve;ng 24: Quyền lực tối thượng - 1\" /></span></p>\n<p>Chelsea đang thể hiện sức mạnh vượt trội tại NHA</p>\n<p>Thực tế tại Villa Park, Chelsea đ&atilde; gặp rất nhiều kh&oacute; khăn v&agrave; phải nhờ tới &ldquo;người h&ugrave;ng thầm lặng&rdquo; Ivanovic mới c&oacute; thể gi&agrave;nh chiến thắng nhọc nhằn 2-1. Bất chấp kh&ocirc;ng c&oacute; sự phục vụ của bộ đ&ocirc;i mang lại cảm hứng Costa-Fabregas, c&aacute;c cầu thủ &aacute;o xanh vẫn ho&agrave;n th&agrave;nh nhiệm vụ được giao.</p>\n<p>Mourinho đ&atilde; th&agrave;nh c&ocirc;ng trong việc x&acirc;y dựng một đội h&igrave;nh to&agrave;n diện v&agrave; kh&ocirc;ng qu&aacute; phụ thuộc v&agrave;o bất cứ cầu thủ n&agrave;o. Tăng tốc d&ugrave; thiếu vắng những trụ cột quan trọng, Chelsea tiếp tục cho thấy họ xứng đ&aacute;ng gi&agrave;nh chức v&ocirc; địch nhất khi 2/3 chặng đường đ&atilde; tr&ocirc;i qua.</p>\n<p><strong>Th&agrave;nh Manchester chết hụt</strong></p>\n<p>Man City v&agrave; MU c&oacute; một điểm chung l&agrave; đều tho&aacute;t hiểm ở những ph&uacute;t cuối c&ugrave;ng tại v&ograve;ng 24. C&aacute;c b&agrave;n thắng được ghi ở thời điểm b&ugrave; giờ gi&uacute;p bộ đ&ocirc;i th&agrave;nh Manchester gỡ gạc lại 1 điểm đầy may mắn.</p>\n<p>Tr&aacute;i ngược với Chelsea, Man City hụt hơi bởi kh&ocirc;ng t&igrave;m ra sự thay thế xứng đ&aacute;ng cho Yaya Toure. Trước Hull City, nh&agrave; v&ocirc; địch nước Anh tỏ ra qu&aacute; bế tắc trong c&aacute;c phương &aacute;n tấn c&ocirc;ng.</p>\n<p><span class=\"img-share\"><img id=\"news-image-id-1\" class=\"news-image\" src=\"http://24h-img.24hstatic.com/upload/1-2015/images/2015-02-09/1423447997-257b3cfe00000578-2945000-city_players_look_on_despondedly-a-17_1423435417241.jpg\" alt=\"Ti&ecirc;u điểm Big 5 NHA v&ograve;ng 24: Quyền lực tối thượng - 2\" /></span></p>\n<p>Man City hụt hơi kể từ khi CAN 2015 bắt đầu</p>\n<p>Thậm ch&iacute; sau trận HLV Manuel Pellegrini c&ograve;n tuy&ecirc;n bố Man City c&oacute; đ&aacute; th&ecirc;m 90 ph&uacute;t nữa th&igrave; kết quả cũng chỉ vậy m&agrave; th&ocirc;i. Chiến lược gia người Chile c&oacute; l&yacute; do để ch&aacute;n chường với c&aacute;c cầu thủ tấn c&ocirc;ng của m&igrave;nh.</p>\n<p>Silva bị đeo b&aacute;m qu&aacute; s&aacute;t, Nasri sa s&uacute;t, Dzeko v&agrave; Aguero đ&aacute;nh mất cảm gi&aacute;c v&igrave; dưỡng thương qu&aacute; l&acirc;u, Navas chỉ biết tạt, tạt v&agrave; tạt c&ograve;n Jovetic tiếp tục g&acirc;y thất vọng như mọi khi. Cuối c&ugrave;ng, Man City phải nhờ đến pha đ&aacute; phạt xuất thần của Milner mới c&oacute; thể tho&aacute;t khỏi trận thua bẽ b&agrave;ng ngay tại Etihad.</p>\n<p>Mọi chuyện cũng tương tự với người anh em MU. &ldquo;Quỷ đỏ&rdquo; h&uacute;t chết tr&ecirc;n s&acirc;n của West Ham trong ng&agrave;y bộ đ&ocirc;i Van Persie v&agrave; Falcao v&ocirc; duy&ecirc;n đến kỳ lạ. C&aacute;c ng&ocirc;i sao c&ograve;n lại như Di Maria hay Rooney th&igrave; chơi vật vờ như những b&oacute;ng ma.</p>\n<p><span class=\"img-share\"><img id=\"news-image-id-2\" class=\"news-image\" src=\"http://24h-img.24hstatic.com/upload/1-2015/images/2015-02-09/1423447997-257939d700000578-0-image-a-1_1423425179216.jpg\" alt=\"Ti&ecirc;u điểm Big 5 NHA v&ograve;ng 24: Quyền lực tối thượng - 3\" /></span></p>\n<p>MU vẫn bất ổn v&agrave; lộn xộn</p>\n<p>Rốt cục, t&acirc;n binh mới trở lại sau chấn thương Blind đ&atilde; phải đ&oacute;ng vai người h&ugrave;ng bất đắc dĩ cho &ocirc;ng thầy đồng hương Van Gaal.</p>\n<p><strong>Derby đầy cảm x&uacute;c</strong></p>\n<p>2 trận đấu t&acirc;m điểm của v&ograve;ng 24 thực sự rất gay cấn, hấp dẫn v&agrave; tr&agrave;n đầy bất ngờ - đ&uacute;ng t&iacute;nh chất của những trận cầu derby. Arsenal đ&atilde; thi đấu kh&aacute; tốt tr&ecirc;n s&acirc;n White Hart Lane nhưng vẫn kh&ocirc;ng thể tho&aacute;t khỏi thất bại tất yếu.</p>\n<p>H&agrave;ng hậu vệ đang c&oacute; phong độ cao của Ph&aacute;o thủ tiếp tục chơi tốt nhưng chừng đ&oacute; l&agrave; kh&ocirc;ng đủ để ngăn chặn &ldquo;si&ecirc;u nh&acirc;n&rdquo; Kane. Ng&ocirc;i sao nổi đ&igrave;nh đ&aacute;m của nước Anh lập c&uacute; đ&uacute;p để gi&uacute;p Tottenham thực hiện m&agrave;n lội ngược d&ograve;ng ngoạn mục trước Arsenal.</p>\n<p><span class=\"img-share\"><img id=\"news-image-id-3\" class=\"news-image\" src=\"http://24h-img.24hstatic.com/upload/1-2015/images/2015-02-09/1423448127-2570249100000578-2944794-image-m-90_1423412526486.jpg\" alt=\"Ti&ecirc;u điểm Big 5 NHA v&ograve;ng 24: Quyền lực tối thượng - 4\" /></span></p>\n<p>Phong độ ch&oacute;i s&aacute;ng của&nbsp;Kane khiến Arsenal &ocirc;m hận</p>\n<p>Ở trận derby v&ugrave;ng Merseyside, Everton cầm h&ograve;a Liverpool kh&ocirc;ng b&agrave;n thắng nhờ lối chơi quyết liệt v&agrave; c&oacute; phần bạo lực. Suốt 90 ph&uacute;t vượt trội, Gerrard v&agrave; c&aacute;c đồng đội đ&atilde; rất nỗ lực để ghi b&agrave;n nhưng bất th&agrave;nh bởi vận đen c&ugrave;ng sự xuất sắc của thủ th&agrave;nh Robles.</p>',1,'news_post',1,NULL,8,'2015-02-09 08:41:48','2015-02-10 20:06:53'),(26,48,'quan-ca-phe-tu-container-tai-che',1,'Quán cà phê từ container tái chế','Quán cà phê được hình thành từ 6 container, có không gian trò chuyện, đọc sách, khu vui chơi cho trẻ em...','<div class=\"item_slide_show\">\n<div class=\"block_thumb_slide_show\"><img id=\"vne_slide_image_0\" class=\"left\" src=\"http://s.f15.img.vnecdn.net/2015/02/07/2-hinh-khoi-2-1423328315_660x0.jpg\" alt=\"\" data-reference-id=\"21766988\" data-component-caption=\"&amp;lt;p&amp;gt;\n	Gắn b&oacute; với biển v&agrave; th&iacute;ch c&agrave; ph&ecirc;, vợ chồng anh Đức Thuận v&agrave; chị Thu Hương đ&atilde; mở một qu&aacute;n c&agrave; ph&ecirc; với ti&ecirc;u ch&iacute; gần gũi, th&aacute;o dỡ dễ d&agrave;ng, thi c&ocirc;ng trong thời gian ngắn v&agrave; tiết kiệm chi ph&iacute;. Anh chị thu&ecirc; 600 m2 đất trống trong khu đ&ocirc; thị mới ven biển B&atilde;i Ch&aacute;y (Hạ Long) để thực hiện &yacute; tưởng. Do nền đất yếu n&ecirc;n y&ecirc;u cầu đơn giản đặt ra cho thiết kế l&agrave; dễ thi c&ocirc;ng, c&oacute; phương &aacute;n dự ph&ograve;ng cho việc mở rộng v&agrave; dễ th&aacute;o lắp. Tương lai trong trường hợp chủ đất lấy lại đất th&igrave; cụm khối n&agrave;y c&oacute; thể di dời sang khu kh&aacute;c.&amp;lt;/p&amp;gt;\" /><a class=\"btn_icon_show_slide_show\" href=\"http://doisong.vnexpress.net/photo/khong-gian-song/quan-ca-phe-tu-container-tai-che-3144970.html\">&nbsp;</a></div>\n<div class=\"desc_cation\">\n<p>Gắn b&oacute; với biển v&agrave; th&iacute;ch c&agrave; ph&ecirc;, vợ chồng anh Đức Thuận v&agrave; chị Thu Hương đ&atilde; mở một qu&aacute;n c&agrave; ph&ecirc; với ti&ecirc;u ch&iacute; gần gũi, th&aacute;o dỡ dễ d&agrave;ng, thi c&ocirc;ng trong thời gian ngắn v&agrave; tiết kiệm chi ph&iacute;. Anh chị thu&ecirc; 600 m2 đất trống trong khu đ&ocirc; thị mới ven biển B&atilde;i Ch&aacute;y (Hạ Long) để thực hiện &yacute; tưởng. Do nền đất yếu n&ecirc;n y&ecirc;u cầu đơn giản đặt ra cho thiết kế l&agrave; dễ thi c&ocirc;ng, c&oacute; phương &aacute;n dự ph&ograve;ng cho việc mở rộng v&agrave; dễ th&aacute;o lắp. Tương lai trong trường hợp chủ đất lấy lại đất th&igrave; cụm khối n&agrave;y c&oacute; thể di dời sang khu kh&aacute;c.</p>\n</div>\n<div class=\"clear\">&nbsp;</div>\n</div>\n<div class=\"item_slide_show\">\n<div class=\"block_thumb_slide_show\"><img id=\"vne_slide_image_1\" class=\"left\" src=\"http://s.f14.img.vnecdn.net/2015/02/07/3-goc-ben-1423328316_660x0.png\" alt=\"\" data-reference-id=\"21766989\" data-component-caption=\"&amp;lt;p class=&amp;quot;Normal&amp;quot;&amp;gt;\n	Nh&agrave; thiết kế Kim Ngọc Khanh v&agrave; KTS Vũ Quang Định c&ugrave;ng l&ecirc;n &yacute; tưởng trong v&ograve;ng một th&aacute;ng, ho&agrave;n th&agrave;nh c&ocirc;ng tr&igrave;nh trong 8 tuần. Kinh ph&iacute; đầu tư khoảng 300 triệu đồng cho phần kiến tr&uacute;c, 200 triệu đồng đồ nội thất.&amp;lt;/p&amp;gt;\" /><a class=\"btn_icon_show_slide_show\" href=\"http://doisong.vnexpress.net/photo/khong-gian-song/quan-ca-phe-tu-container-tai-che-3144970.html\">&nbsp;</a></div>\n<div class=\"desc_cation\">\n<p class=\"Normal\">Nh&agrave; thiết kế Kim Ngọc Khanh v&agrave; KTS Vũ Quang Định c&ugrave;ng l&ecirc;n &yacute; tưởng trong v&ograve;ng một th&aacute;ng, ho&agrave;n th&agrave;nh c&ocirc;ng tr&igrave;nh trong 8 tuần. Kinh ph&iacute; đầu tư khoảng 300 triệu đồng cho phần kiến tr&uacute;c, 200 triệu đồng đồ nội thất.</p>\n</div>\n<div class=\"clear\">&nbsp;</div>\n</div>\n<div class=\"item_slide_show\">\n<div class=\"block_thumb_slide_show\"><img id=\"vne_slide_image_2\" class=\"left\" src=\"http://s.f13.img.vnecdn.net/2015/02/07/2-hinh-khoi-1-1423328315_660x0.jpg\" alt=\"\" data-reference-id=\"21766990\" data-component-caption=\"&amp;lt;p class=&amp;quot;Normal&amp;quot;&amp;gt;\n	Qu&aacute;n c&agrave; ph&ecirc; độc đ&aacute;o n&agrave;y được h&igrave;nh th&agrave;nh từ 6 container d&agrave;i 6 m v&agrave; 12 m. &amp;lt;span&amp;gt;Qu&aacute;n c&oacute; thể phục vụ tối đa 180 kh&aacute;ch.&amp;lt;/span&amp;gt;&amp;lt;/p&amp;gt;\" /><a class=\"btn_icon_show_slide_show\" href=\"http://doisong.vnexpress.net/photo/khong-gian-song/quan-ca-phe-tu-container-tai-che-3144970.html\">&nbsp;</a></div>\n<div class=\"desc_cation\">\n<p class=\"Normal\">Qu&aacute;n c&agrave; ph&ecirc; độc đ&aacute;o n&agrave;y được h&igrave;nh th&agrave;nh từ 6 container d&agrave;i 6 m v&agrave; 12 m. Qu&aacute;n c&oacute; thể phục vụ tối đa 180 kh&aacute;ch.</p>\n</div>\n<div class=\"clear\">&nbsp;</div>\n</div>\n<div class=\"item_slide_show\">\n<div class=\"block_thumb_slide_show\"><img id=\"vne_slide_image_3\" class=\"left\" src=\"http://s.f14.img.vnecdn.net/2015/02/07/4-quay-pha-che-thu-ngan-1423328319_660x0.jpg\" alt=\"\" data-reference-id=\"21766991\" data-component-caption=\"&amp;lt;p class=&amp;quot;Normal&amp;quot;&amp;gt;\n	Kh&ocirc;ng gian qu&aacute;n mở s&acirc;u v&agrave;o ph&iacute;a sau v&agrave; khối tr&ecirc;n của c&ocirc;ng tr&igrave;nh. Sự tương phản giữa b&ecirc; t&ocirc;ng v&agrave; c&acirc;y cỏ, giữa những n&eacute;t thẳng, dứt kho&aacute;t v&agrave; những đường bu&ocirc;ng mềm mại tr&ecirc;n mặt bằng l&agrave;m kh&ocirc;ng gian qu&aacute;n mới lạ, th&uacute; vị.&amp;lt;/p&amp;gt;\" /><a class=\"btn_icon_show_slide_show\" href=\"http://doisong.vnexpress.net/photo/khong-gian-song/quan-ca-phe-tu-container-tai-che-3144970.html\">&nbsp;</a></div>\n<div class=\"desc_cation\">\n<p class=\"Normal\">Kh&ocirc;ng gian qu&aacute;n mở s&acirc;u v&agrave;o ph&iacute;a sau v&agrave; khối tr&ecirc;n của c&ocirc;ng tr&igrave;nh. Sự tương phản giữa b&ecirc; t&ocirc;ng v&agrave; c&acirc;y cỏ, giữa những n&eacute;t thẳng, dứt kho&aacute;t v&agrave; những đường bu&ocirc;ng mềm mại tr&ecirc;n mặt bằng l&agrave;m kh&ocirc;ng gian qu&aacute;n mới lạ, th&uacute; vị.</p>\n</div>\n<div class=\"clear\">&nbsp;</div>\n</div>\n<div class=\"item_slide_show\">\n<div class=\"block_thumb_slide_show\"><img id=\"vne_slide_image_4\" class=\"left\" src=\"http://s.f14.img.vnecdn.net/2015/02/07/5-mot-vai-goc-mat-nuoc-ngoai-troi-1423328319_660x0.jpg\" alt=\"\" data-reference-id=\"21766992\" data-component-caption=\"&amp;lt;p class=&amp;quot;Normal&amp;quot;&amp;gt;\n	Mặt trước c&ocirc;ng tr&igrave;nh bố tr&iacute; tho&aacute;ng để nhận nắng, gi&oacute; biển. Mặt sau c&oacute; h&agrave;ng c&acirc;y chắn nắng hướng T&acirc;y, giảm nhiệt cho c&ocirc;ng tr&igrave;nh.&amp;lt;/p&amp;gt;\" /><a class=\"btn_icon_show_slide_show\" href=\"http://doisong.vnexpress.net/photo/khong-gian-song/quan-ca-phe-tu-container-tai-che-3144970.html\">&nbsp;</a></div>\n<div class=\"desc_cation\">\n<p class=\"Normal\">Mặt trước c&ocirc;ng tr&igrave;nh bố tr&iacute; tho&aacute;ng để nhận nắng, gi&oacute; biển. Mặt sau c&oacute; h&agrave;ng c&acirc;y chắn nắng hướng T&acirc;y, giảm nhiệt cho c&ocirc;ng tr&igrave;nh.</p>\n</div>\n<div class=\"clear\">&nbsp;</div>\n</div>\n<div class=\"item_slide_show\">\n<div class=\"block_thumb_slide_show\"><img id=\"vne_slide_image_5\" class=\"left\" src=\"http://s.f14.img.vnecdn.net/2015/02/07/1-1423328314_660x0.jpg\" alt=\"\" data-reference-id=\"21766993\" data-component-caption=\"&amp;lt;p&amp;gt;\n	&amp;lt;span style=&amp;quot;color:rgb(0,0,0);&amp;quot;&amp;gt;Để đa dạng về kh&ocirc;ng gian v&agrave; điểm nh&igrave;n, qu&aacute;n n&agrave;y c&ograve;n c&oacute; kh&ocirc;ng gian ngo&agrave;i trời theo kiểu &amp;quot;thủy tạ&amp;quot;.&nbsp;&amp;lt;/span&amp;gt;&amp;lt;span style=&amp;quot;color:rgb(0,0,0);&amp;quot;&amp;gt;Xung quanh được b&agrave;i tr&iacute; c&aacute;c chậu hoa giấy l&uacute;c n&agrave;o cũng rực rỡ sắc m&agrave;u lại dễ trồng, dễ chăm s&oacute;c.&nbsp;&amp;lt;/span&amp;gt;&amp;lt;span style=&amp;quot;color:rgb(0,0,0);&amp;quot;&amp;gt;Đ&acirc;y l&agrave; kh&ocirc;ng gian mở tuyệt vời cho những ng&agrave;y thời tiết m&aacute;t mẻ.&nbsp;&amp;lt;/span&amp;gt;&amp;lt;/p&amp;gt;\" /><a class=\"btn_icon_show_slide_show\" href=\"http://doisong.vnexpress.net/photo/khong-gian-song/quan-ca-phe-tu-container-tai-che-3144970.html\">&nbsp;</a></div>\n<div class=\"desc_cation\">\n<p>Để đa dạng về kh&ocirc;ng gian v&agrave; điểm nh&igrave;n, qu&aacute;n n&agrave;y c&ograve;n c&oacute; kh&ocirc;ng gian ngo&agrave;i trời theo kiểu \"thủy tạ\".&nbsp;Xung quanh được b&agrave;i tr&iacute; c&aacute;c chậu hoa giấy l&uacute;c n&agrave;o cũng rực rỡ sắc m&agrave;u lại dễ trồng, dễ chăm s&oacute;c.&nbsp;Đ&acirc;y l&agrave; kh&ocirc;ng gian mở tuyệt vời cho những ng&agrave;y thời tiết m&aacute;t mẻ.&nbsp;</p>\n</div>\n<div class=\"clear\">&nbsp;</div>\n</div>\n<div class=\"item_slide_show\">\n<div class=\"block_thumb_slide_show\"><img id=\"vne_slide_image_6\" class=\"left\" src=\"http://s.f13.img.vnecdn.net/2015/02/07/6-khu-tre-em-choi-dua-2-1423328328_660x0.jpg\" alt=\"\" data-reference-id=\"21766994\" data-component-caption=\"&amp;lt;p&amp;gt;\n	&amp;lt;span style=&amp;quot;color:rgb(0,0,0);&amp;quot;&amp;gt;Anh Thuận cho biết, c&aacute;c qu&aacute;n ở nước ngo&agrave;i thường c&oacute; kh&ocirc;ng gian vui chơi cho trẻ nhỏ. Anh cũng muốn qu&aacute;n m&igrave;nh c&oacute; kh&ocirc;ng gian n&agrave;y n&ecirc;n đ&atilde; thiết kế một &amp;quot;nh&agrave; lưới&amp;quot; cho trẻ em. C&aacute;c bạn nhỏ v&ocirc; c&ugrave;ng th&iacute;ch th&uacute; mỗi khi c&ugrave;ng bố mẹ đến đ&acirc;y.&amp;lt;/span&amp;gt;&amp;lt;/p&amp;gt;\" /><a class=\"btn_icon_show_slide_show\" href=\"http://doisong.vnexpress.net/photo/khong-gian-song/quan-ca-phe-tu-container-tai-che-3144970.html\">&nbsp;</a></div>\n<div class=\"desc_cation\">\n<p>Anh Thuận cho biết, c&aacute;c qu&aacute;n ở nước ngo&agrave;i thường c&oacute; kh&ocirc;ng gian vui chơi cho trẻ nhỏ. Anh cũng muốn qu&aacute;n m&igrave;nh c&oacute; kh&ocirc;ng gian n&agrave;y n&ecirc;n đ&atilde; thiết kế một \"nh&agrave; lưới\" cho trẻ em. C&aacute;c bạn nhỏ v&ocirc; c&ugrave;ng th&iacute;ch th&uacute; mỗi khi c&ugrave;ng bố mẹ đến đ&acirc;y.</p>\n</div>\n<div class=\"clear\">&nbsp;</div>\n</div>\n<div class=\"item_slide_show\">\n<div class=\"block_thumb_slide_show\"><img id=\"vne_slide_image_7\" class=\"left\" src=\"http://s.f15.img.vnecdn.net/2015/02/09/t-1423456452_660x0.jpg\" alt=\"\" data-reference-id=\"21766995\" data-component-caption=\"&amp;lt;p&amp;gt;\n	&amp;lt;span style=&amp;quot;color:rgb(0,0,0);&amp;quot;&amp;gt;L&agrave; người y&ecirc;u th&iacute;ch s&aacute;ch, chủ qu&aacute;n d&agrave;nh hẳn một container 6m, đặt ch&eacute;o g&oacute;c 30 độ để l&agrave;m khu vực c&agrave; ph&ecirc; s&aacute;ch. Kh&ocirc;ng gian n&agrave;y thu h&uacute;t rất nhiều người, nhất l&agrave; c&aacute;c bạn trẻ. Họ vừa đọc s&aacute;ch, vừa tranh thủ chụp h&igrave;nh để khoe bạn b&egrave;.&amp;lt;/span&amp;gt;&amp;lt;/p&amp;gt;\" /><a class=\"btn_icon_show_slide_show\" href=\"http://doisong.vnexpress.net/photo/khong-gian-song/quan-ca-phe-tu-container-tai-che-3144970.html\">&nbsp;</a></div>\n<div class=\"desc_cation\">\n<p>L&agrave; người y&ecirc;u th&iacute;ch s&aacute;ch, chủ qu&aacute;n d&agrave;nh hẳn một container 6m, đặt ch&eacute;o g&oacute;c 30 độ để l&agrave;m khu vực c&agrave; ph&ecirc; s&aacute;ch. Kh&ocirc;ng gian n&agrave;y thu h&uacute;t rất nhiều người, nhất l&agrave; c&aacute;c bạn trẻ. Họ vừa đọc s&aacute;ch, vừa tranh thủ chụp h&igrave;nh để khoe bạn b&egrave;.</p>\n</div>\n<div class=\"clear\">&nbsp;</div>\n</div>\n<div class=\"item_slide_show\">\n<div class=\"block_thumb_slide_show\"><img id=\"vne_slide_image_8\" class=\"left\" src=\"http://s.f13.img.vnecdn.net/2015/02/07/9-mot-goc-tang-tret-2-1423328332_660x0.jpg\" alt=\"\" data-reference-id=\"21766996\" data-component-caption=\"&amp;lt;p&amp;gt;\n	Đồ nội thất của qu&aacute;n ho&agrave;n to&agrave;n từ gỗ t&aacute;i chế, vừa dễ thi c&ocirc;ng, tiết kiệm chi ph&iacute; lại tạo được kh&ocirc;ng gian mộc mạc. Bức tường ngăn với khu bếp được x&acirc;y bằng gạch lỗ để tạo sự th&ocirc;ng tho&aacute;ng, đồng thời l&agrave; mảng trang tr&iacute; đẹp.&amp;lt;/p&amp;gt;\" /><a class=\"btn_icon_show_slide_show\" href=\"http://doisong.vnexpress.net/photo/khong-gian-song/quan-ca-phe-tu-container-tai-che-3144970.html\">&nbsp;</a></div>\n<div class=\"desc_cation\">\n<p>Đồ nội thất của qu&aacute;n ho&agrave;n to&agrave;n từ gỗ t&aacute;i chế, vừa dễ thi c&ocirc;ng, tiết kiệm chi ph&iacute; lại tạo được kh&ocirc;ng gian mộc mạc. Bức tường ngăn với khu bếp được x&acirc;y bằng gạch lỗ để tạo sự th&ocirc;ng tho&aacute;ng, đồng thời l&agrave; mảng trang tr&iacute; đẹp.</p>\n</div>\n<div class=\"clear\">&nbsp;</div>\n</div>\n<div class=\"item_slide_show\">\n<div class=\"block_thumb_slide_show\"><img id=\"vne_slide_image_9\" class=\"left\" src=\"http://s.f16.img.vnecdn.net/2015/02/07/10-ban-ghe-bang-do-tai-che-1-1423328333_660x0.jpg\" alt=\"\" data-reference-id=\"21766997\" data-component-caption=\"&amp;lt;p&amp;gt;\n	Ngo&agrave;i đồ gỗ t&aacute;i chế, s&agrave;n của qu&aacute;n ch&iacute;nh l&agrave; đ&aacute;y container cũ được chế lại cho bề mặt phẳng phiu. Việc sử dụng s&agrave;n t&aacute;i chế n&agrave;y đ&atilde; tiết kiệm được khoảng 30 triệu đồng.&amp;lt;/p&amp;gt;\" /><a class=\"btn_icon_show_slide_show\" href=\"http://doisong.vnexpress.net/photo/khong-gian-song/quan-ca-phe-tu-container-tai-che-3144970.html\">&nbsp;</a></div>\n<div class=\"desc_cation\">\n<p>Ngo&agrave;i đồ gỗ t&aacute;i chế, s&agrave;n của qu&aacute;n ch&iacute;nh l&agrave; đ&aacute;y container cũ được chế lại cho bề mặt phẳng phiu. Việc sử dụng s&agrave;n t&aacute;i chế n&agrave;y đ&atilde; tiết kiệm được khoảng 30 triệu đồng.</p>\n</div>\n<div class=\"clear\">&nbsp;</div>\n</div>\n<div class=\"item_slide_show\">\n<div class=\"block_thumb_slide_show\"><img id=\"vne_slide_image_10\" class=\"left\" src=\"http://s.f14.img.vnecdn.net/2015/02/07/10-ban-ghe-bang-do-tai-che-2-1423328333_660x0.jpg\" alt=\"\" data-reference-id=\"21766998\" data-component-caption=\"&amp;lt;p class=&amp;quot;Normal&amp;quot;&amp;gt;\n	Để tạo chiều s&acirc;u cho kh&ocirc;ng gian, họa sĩ Ho&agrave;ng V&acirc;n đ&atilde; vẽ trang tr&iacute; trực tiếp l&ecirc;n trần, tường tạo th&agrave;nh một kh&ocirc;ng gian đa chiều, hấp dẫn.&amp;lt;/p&amp;gt;\" /><a class=\"btn_icon_show_slide_show\" href=\"http://doisong.vnexpress.net/photo/khong-gian-song/quan-ca-phe-tu-container-tai-che-3144970.html\">&nbsp;</a></div>\n<div class=\"desc_cation\">\n<p class=\"Normal\">Để tạo chiều s&acirc;u cho kh&ocirc;ng gian, họa sĩ Ho&agrave;ng V&acirc;n đ&atilde; vẽ trang tr&iacute; trực tiếp l&ecirc;n trần, tường tạo th&agrave;nh một kh&ocirc;ng gian đa chiều, hấp dẫn.</p>\n</div>\n<div class=\"clear\">&nbsp;</div>\n</div>\n<div class=\"item_slide_show\">\n<div class=\"block_thumb_slide_show\"><img id=\"vne_slide_image_11\" class=\"left\" src=\"http://s.f15.img.vnecdn.net/2015/02/07/11-cau-thang-mo-ra-1-the-gioi-tuong-tuong-1423328334_660x0.jpg\" alt=\"\" data-reference-id=\"21766999\" data-component-caption=\"&amp;lt;p&amp;gt;\n	&amp;lt;span style=&amp;quot;color:rgb(0,0,0);&amp;quot;&amp;gt;Nh&agrave; thiết kế Kim Ngọc Khanh cho biết, th&ocirc;ng thường g&oacute;c thang l&ecirc;n xuống giữa c&aacute;c container với nhau rất th&ocirc; cứng v&agrave; hạn chế tầm nh&igrave;n thẩm mĩ. Anh c&ugrave;ng họa sĩ Ho&agrave;ng V&acirc;n đ&atilde; trang tr&iacute; lại g&oacute;c n&agrave;y.&amp;lt;/span&amp;gt;&amp;lt;/p&amp;gt;\" /><a class=\"btn_icon_show_slide_show\" href=\"http://doisong.vnexpress.net/photo/khong-gian-song/quan-ca-phe-tu-container-tai-che-3144970.html\">&nbsp;</a></div>\n<div class=\"desc_cation\">\n<p>Nh&agrave; thiết kế Kim Ngọc Khanh cho biết, th&ocirc;ng thường g&oacute;c thang l&ecirc;n xuống giữa c&aacute;c container với nhau rất th&ocirc; cứng v&agrave; hạn chế tầm nh&igrave;n thẩm mĩ. Anh c&ugrave;ng họa sĩ Ho&agrave;ng V&acirc;n đ&atilde; trang tr&iacute; lại g&oacute;c n&agrave;y.</p>\n</div>\n<div class=\"clear\">&nbsp;</div>\n</div>\n<div class=\"item_slide_show\">\n<div class=\"block_thumb_slide_show\"><img id=\"vne_slide_image_12\" class=\"left\" src=\"http://s.f16.img.vnecdn.net/2015/02/07/1-mat-bang-1423328314_660x0.jpg\" alt=\"\" data-reference-id=\"21767000\" data-component-caption=\"&amp;lt;p class=&amp;quot;Normal&amp;quot;&amp;gt;\n	Mặt bằng bố tr&iacute; c&aacute;c kh&ocirc;ng gian qu&aacute;n tr&ecirc;n khu&ocirc;n vi&ecirc;n 20x30 m.&amp;lt;/p&amp;gt;\" /><a class=\"btn_icon_show_slide_show\" href=\"http://doisong.vnexpress.net/photo/khong-gian-song/quan-ca-phe-tu-container-tai-che-3144970.html\">&nbsp;</a></div>\n<div class=\"desc_cation\">\n<p class=\"Normal\">Mặt bằng bố tr&iacute; c&aacute;c kh&ocirc;ng gian qu&aacute;n tr&ecirc;n khu&ocirc;n vi&ecirc;n 20x30 m.</p>\n</div>\n</div>',1,'news_post',1,NULL,9,'2015-02-10 19:56:19','2015-02-10 19:56:19'),(27,44,'lang-trong-hoa-cuc-lon-nhat-mien-trung-vao-vu-tet',1,'Làng trồng hoa cúc lớn nhất miền Trung vào vụ Tết','Thương lái khắp nơi đang đổ về các huyện Tư Nghĩa và Mộ Đức (Quảng Ngãi), nơi có số hộ dân trồng hoa cúc nhiều nhất miền Trung để thu mua phục vụ thị trường dịp Tết.','<div class=\"item_slide_show\">\n<div class=\"block_thumb_slide_show\"><img id=\"vne_slide_image_0\" class=\"left\" style=\"margin: 0px; padding: 0px; border: 0px; font-size: 0px; line-height: 0; max-width: 100%; float: none; cursor: url(\'http://st.f1.vnecdn.net/responsive/js/utils/slideshow/css/slideshow/images/icons/zoom_cursor.png\'), auto; text-align: center;\" src=\"http://l.f29.img.vnecdn.net/2015/02/10/9-2-Anh-1-1423547521_660x0.jpg\" alt=\"\" data-reference-id=\"21778434\" data-component-caption=\"&lt;p&gt;\n	C&aacute;nh đồng hoa c&uacute;c pha l&ecirc; rực v&agrave;ng b&ecirc;n d&ograve;ng s&ocirc;ng Vệ. Hơn mười năm qua, ở c&aacute;c x&atilde; Nghĩa Hiệp, Nghĩa Mỹ (huyện Tư Nghĩa) v&agrave; x&atilde; Đức Nhuận (huyện Mộ Đức) đ&atilde; h&igrave;nh th&agrave;nh l&agrave;ng trồng hoa c&uacute;c Đ&agrave; Lạt nổi tiếng tại miền Trung.&nbsp;&lt;/p&gt;\" /><a class=\"btn_icon_show_slide_show\">&nbsp;</a></div>\n<div class=\"desc_cation\">\n<p>C&aacute;nh đồng hoa c&uacute;c pha l&ecirc; rực v&agrave;ng b&ecirc;n d&ograve;ng s&ocirc;ng Vệ. Hơn mười năm qua, ở c&aacute;c x&atilde; Nghĩa Hiệp, Nghĩa Mỹ (huyện Tư Nghĩa) v&agrave; x&atilde; Đức Nhuận (huyện Mộ Đức) đ&atilde; h&igrave;nh th&agrave;nh l&agrave;ng trồng hoa c&uacute;c Đ&agrave; Lạt nổi tiếng tại miền Trung.&nbsp;</p>\n</div>\n<div class=\"clear\">&nbsp;</div>\n</div>\n<div class=\"item_slide_show\">\n<div class=\"block_thumb_slide_show\"><img id=\"vne_slide_image_1\" class=\"left\" style=\"margin: 0px; padding: 0px; border: 0px; font-size: 0px; line-height: 0; max-width: 100%; float: none; cursor: url(\'http://st.f1.vnecdn.net/responsive/js/utils/slideshow/css/slideshow/images/icons/zoom_cursor.png\'), auto; text-align: center;\" src=\"http://l.f32.img.vnecdn.net/2015/02/10/9-2-Anh-3-1423547522_660x0.jpg\" alt=\"\" data-reference-id=\"21778435\" data-component-caption=\"&lt;p&gt;\n	Thống k&ecirc; của ng&agrave;nh n&ocirc;ng nghiệp Quảng Ng&atilde;i, &iacute;t nhất c&oacute; 700 hộ d&acirc;n trồng hoa c&uacute;c Tết ở dọc hai b&ecirc;n bờ s&ocirc;ng Vệ. &Ocirc;ng Nguyễn Hinh (ngụ th&ocirc;n Hải M&ocirc;n, x&atilde; Nghĩa Hiệp) cho hay, trồng hoa c&uacute;c b&aacute;n v&agrave;o dịp Tết thu l&atilde;i cao gấp bốn lần so với trồng l&uacute;a tr&ecirc;n c&ugrave;ng diện t&iacute;ch. Năm n&agrave;o gia đ&igrave;nh cũng thu l&atilde;i hơn 30 triệu đồng từ lo&agrave;i hoa n&agrave;y.&lt;/p&gt;\" /><a class=\"btn_icon_show_slide_show\">&nbsp;</a></div>\n<div class=\"desc_cation\">\n<p>Thống k&ecirc; của ng&agrave;nh n&ocirc;ng nghiệp Quảng Ng&atilde;i, &iacute;t nhất c&oacute; 700 hộ d&acirc;n trồng hoa c&uacute;c Tết ở dọc hai b&ecirc;n bờ s&ocirc;ng Vệ. &Ocirc;ng Nguyễn Hinh (ngụ th&ocirc;n Hải M&ocirc;n, x&atilde; Nghĩa Hiệp) cho hay, trồng hoa c&uacute;c b&aacute;n v&agrave;o dịp Tết thu l&atilde;i cao gấp bốn lần so với trồng l&uacute;a tr&ecirc;n c&ugrave;ng diện t&iacute;ch. Năm n&agrave;o gia đ&igrave;nh cũng thu l&atilde;i hơn 30 triệu đồng từ lo&agrave;i hoa n&agrave;y.</p>\n</div>\n<div class=\"clear\">&nbsp;</div>\n</div>\n<div class=\"item_slide_show\">\n<div class=\"block_thumb_slide_show\"><img id=\"vne_slide_image_2\" class=\"left\" style=\"margin: 0px; padding: 0px; border: 0px; font-size: 0px; line-height: 0; max-width: 100%; float: none; cursor: url(\'http://st.f1.vnecdn.net/responsive/js/utils/slideshow/css/slideshow/images/icons/zoom_cursor.png\'), auto; text-align: center;\" src=\"http://l.f31.img.vnecdn.net/2015/02/10/9-2-Anh-4-1423547523_660x0.jpg\" alt=\"\" data-reference-id=\"21778436\" data-component-caption=\"&lt;p&gt;\n	Người d&acirc;n x&atilde; Nghĩa Hiệp treo bảng b&aacute;n hoa c&uacute;c giữa đồng ruộng. &Ocirc;ng Trần Văn An, Chủ tịch UBND x&atilde; Nghĩa Hiệp cho biết, địa phương c&oacute; 400 hộ trồng 20 ha hoa tết, chủ yếu l&agrave; c&uacute;c Đ&agrave; Lạt. &quot;Năm nay mưa thuận, gi&oacute; h&ograve;a, người d&acirc;n trong x&atilde; c&oacute; thể thu về gần 20 tỷ đồng từ hoa Tết &quot;, &ocirc;ng An n&oacute;i.&nbsp;&lt;/p&gt;\" /><a class=\"btn_icon_show_slide_show\">&nbsp;</a></div>\n<div class=\"desc_cation\">\n<p>Người d&acirc;n x&atilde; Nghĩa Hiệp treo bảng b&aacute;n hoa c&uacute;c giữa đồng ruộng. &Ocirc;ng Trần Văn An, Chủ tịch UBND x&atilde; Nghĩa Hiệp cho biết, địa phương c&oacute; 400 hộ trồng 20 ha hoa tết, chủ yếu l&agrave; c&uacute;c Đ&agrave; Lạt. \"Năm nay mưa thuận, gi&oacute; h&ograve;a, người d&acirc;n trong x&atilde; c&oacute; thể thu về gần 20 tỷ đồng từ hoa Tết \", &ocirc;ng An n&oacute;i.&nbsp;</p>\n</div>\n<div class=\"clear\">&nbsp;</div>\n</div>\n<div class=\"item_slide_show\">\n<div class=\"block_thumb_slide_show\"><img id=\"vne_slide_image_3\" class=\"left\" style=\"margin: 0px; padding: 0px; border: 0px; font-size: 0px; line-height: 0; max-width: 100%; float: none; cursor: url(\'http://st.f1.vnecdn.net/responsive/js/utils/slideshow/css/slideshow/images/icons/zoom_cursor.png\'), auto; text-align: center;\" src=\"http://l.f30.img.vnecdn.net/2015/02/10/9-2-Anh-6-1423547524_660x0.jpg\" alt=\"\" data-reference-id=\"21778437\" data-component-caption=\"&lt;p&gt;\n	&Ocirc;ng Trần Văn Ph&ocirc;ng (ngụ th&ocirc;n Hải M&ocirc;n, x&atilde; Nghĩa Hiệp) cho biết th&ecirc;m, phong tr&agrave;o trồng hoa c&uacute;c Tết rộ l&ecirc;n 10 năm trước. Kh&ocirc;ng chỉ trồng c&uacute;c pha l&ecirc;, nhiều người d&acirc;n nơi đ&acirc;y c&ograve;n trồng c&uacute;c m&acirc;m x&ocirc;i.&lt;/p&gt;\n&lt;p&gt;\n	&quot;Thời gian đầu, h&agrave;ng năm ch&uacute;ng t&ocirc;i thường l&ecirc;n tận Đ&agrave; Lạt mua giống hoa c&uacute;c về ươm trồng cho vụ hoa Tết. &nbsp;C&ograve;n b&acirc;y giờ b&agrave; con đ&atilde; sản xuất được c&acirc;y giống n&ecirc;n đỡ tốn k&eacute;m tiền bạc, thời gian nhiều lắm&quot;, &ocirc;ng Ph&ocirc;ng chia sẻ. &nbsp;&lt;/p&gt;\" /><a class=\"btn_icon_show_slide_show\">&nbsp;</a></div>\n<div class=\"desc_cation\">\n<p>&Ocirc;ng Trần Văn Ph&ocirc;ng (ngụ th&ocirc;n Hải M&ocirc;n, x&atilde; Nghĩa Hiệp) cho biết th&ecirc;m, phong tr&agrave;o trồng hoa c&uacute;c Tết rộ l&ecirc;n 10 năm trước. Kh&ocirc;ng chỉ trồng c&uacute;c pha l&ecirc;, nhiều người d&acirc;n nơi đ&acirc;y c&ograve;n trồng c&uacute;c m&acirc;m x&ocirc;i.</p>\n<p>\"Thời gian đầu, h&agrave;ng năm ch&uacute;ng t&ocirc;i thường l&ecirc;n tận Đ&agrave; Lạt mua giống hoa c&uacute;c về ươm trồng cho vụ hoa Tết. &nbsp;C&ograve;n b&acirc;y giờ b&agrave; con đ&atilde; sản xuất được c&acirc;y giống n&ecirc;n đỡ tốn k&eacute;m tiền bạc, thời gian nhiều lắm\", &ocirc;ng Ph&ocirc;ng chia sẻ. &nbsp;</p>\n</div>\n</div>',1,'news_post',1,NULL,11,'2015-02-10 19:57:40','2015-02-10 19:57:40'),(28,39,'hai-tau-ca-dam-vao-bai-da-ngam-o-hoang-sa-3146204',1,'Hai tàu cá đâm vào bãi đá ngầm ở Hoàng Sa','11 ngư dân trên hai tàu cá Bình Định bị chìm và mắc cạn do đâm vào bãi đá ngầm ở quần đảo Hoàng Sa đang được tàu cứu hộ ra ứng cứu.','<p class=\"Normal\">Khoảng 15h45 chiều 10/2, t&agrave;u SAR 412 của Trung t&acirc;m phối hợp t&igrave;m kiếm cứu nạn h&agrave;ng hải khu vực 2 - Danang MRCC (đ&oacute;ng tại Đ&agrave; Nẵng) đ&atilde; đi cứu nạn hai t&agrave;u c&aacute; huyện Ho&agrave;i Nhơn (B&igrave;nh Định) gặp nạn ở quần đảo Ho&agrave;ng Sa.</p>\n<table class=\"tplCaption\" border=\"0\" cellspacing=\"0\" cellpadding=\"3\" align=\"center\">\n<tbody>\n<tr>\n<td><img src=\"http://m.f29.img.vnecdn.net/2015/02/10/IMG-1570-5172-1423569364.jpg\" alt=\"IMG-1570-5172-1423569364.jpg\" data-natural-=\"\" data-width=\"500\" data-pwidth=\"470.40625\" /></td>\n</tr>\n<tr>\n<td>\n<p class=\"Image\">T&agrave;u SAR 412 trong một lần cứu hộ t&agrave;u c&aacute; gặp nạn. Ảnh: <em>Nguyễn Đ&ocirc;ng.</em></p>\n</td>\n</tr>\n</tbody>\n</table>\n<p class=\"Normal\">Thuyền trưởng t&agrave;u SAR 412 Phan Xu&acirc;n Sơn cho biết, dự kiến 5h s&aacute;ng mai t&agrave;u cứu hộ sẽ tiếp cận được 11 thuyền vi&ecirc;n tr&ecirc;n hai t&agrave;u gặp nạn. \"Một t&agrave;u bị nạn đ&atilde; ch&igrave;m, t&agrave;u c&ograve;n lại r&aacute;ch toạc th&acirc;n v&agrave; mắc cạn ở b&atilde;i đ&aacute; ngầm thuộc quần đảo Ho&agrave;ng Sa\", &ocirc;ng Sơn n&oacute;i.</p>\n<p class=\"Normal\">Theo thuyền trưởng Sơn, 11 ngư d&acirc;n đang b&aacute;m trụ tr&ecirc;n t&agrave;u bị mắc cạn v&agrave; vẫn an to&agrave;n d&ugrave; biển c&oacute; s&oacute;ng lớn v&agrave; gi&oacute; r&eacute;t. Mọi th&ocirc;ng tin li&ecirc;n lạc vẫn được duy tr&igrave;. Khoảng 18h chiều mai, c&aacute;c thuyền vi&ecirc;n sẽ được đưa v&agrave;o bờ. C&ograve;n hai con t&agrave;u buộc bỏ lại ngo&agrave;i khơi.</p>\n<p class=\"Normal\">Hiện tại, một t&agrave;u cứu hộ kh&aacute;c - SAR 274 đi ra v&ugrave;ng biển Quảng Trị để cứu một ngư d&acirc;n gặp tai nạn lao động. Khoảng trưa 11/2, người n&agrave;y sẽ được đưa v&agrave;o bờ điều trị.</p>',1,'news_post',1,NULL,12,'2015-02-10 21:07:42','2015-02-10 21:07:42'),(29,39,'tong-bien-tap-bao-nguoi-cao-tuoi-bi-de-nghi-cach-chuc',1,'Tổng biên tập báo Người cao tuổi bị đề nghị cách chức','Do báo Người cao tuổi đăng một số bài viết \"tiết lộ bí mật nhà nước\", \"có dấu hiệu lợi dụng quyền tự do dân chủ\", Tổng biên tập Kim Quốc Hoa (70 tuổi) bị đề nghị cách chức.','<p class=\"Normal\">Tại buổi c&ocirc;ng bố kết luận thanh tra đột xuất b&aacute;o Người cao tuổi, Thứ trưởng Bộ Th&ocirc;ng tin truyền th&ocirc;ng Trương Minh Tuấn cho biết, sau 2 th&aacute;ng thanh tra (từ 7/11/2014 đến 7/1/2015), tổ c&ocirc;ng t&aacute;c đ&atilde; ph&aacute;t hiện nhiều vi phạm.</p>\n<table class=\"tplCaption\" border=\"0\" cellspacing=\"0\" cellpadding=\"3\" align=\"left\">\n<tbody>\n<tr>\n<td><img src=\"http://m.f29.img.vnecdn.net/2015/02/09/ong-hoa-250-1868-1423460325.jpg\" alt=\"ong-hoa-250-1868-1423460325.jpg\" data-width=\"211\" data-pwidth=\"470.40625\" /></td>\n</tr>\n<tr>\n<td>\n<p class=\"Image\">&Ocirc;ng Kim Quốc Hoa, l&agrave;m Tổng bi&ecirc;n tập b&aacute;o Người cao tuổi từ năm 2007.</p>\n</td>\n</tr>\n</tbody>\n</table>\n<p class=\"Normal\">Cụ thể, b&aacute;o đ&atilde; đăng một số b&agrave;i viết c&oacute; dấu hiệu \"tiết lộ b&iacute; mật nh&agrave; nước\", \"lợi dụng quyền tự do d&acirc;n chủ x&acirc;m phạm lợi &iacute;ch của nh&agrave; nước, quyền, lợi &iacute;ch hợp ph&aacute;p của tổ chức, c&ocirc;ng d&acirc;n\"; việc xuất bản một số tin, b&agrave;i trực tiếp tr&ecirc;n trang th&ocirc;ng tin điện tử tổng hợp l&agrave; \"hoạt động b&aacute;o điện tử kh&ocirc;ng ph&eacute;p\".</p>\n<p class=\"Normal\">Cũng theo thanh tra, b&aacute;o đ&atilde; \"đăng nội dung đơn thư khiếu nại, tố c&aacute;o v&agrave; b&igrave;nh luận suy diễn thiếu căn cứ dẫn đến th&ocirc;ng tin sai sự thật\".... Tr&ecirc;n trang th&ocirc;ng tin điện tử tổng hợp, b&aacute;o bị x&aacute;c định đ&atilde; \"cung cấp nội dung th&ocirc;ng tin sai sự thật, vu khống, xuy&ecirc;n tạc, x&uacute;c phạm uy t&iacute;n của cơ quan, tổ chức v&agrave; danh dự, nh&acirc;n phẩm của c&aacute; nh&acirc;n\".</p>\n<p class=\"Normal\">Ngo&agrave;i ra, b&aacute;o đ&atilde; c&oacute; \"nhiều vi phạm trong giấy ph&eacute;p hoạt động, nội dung th&ocirc;ng tin, quảng c&aacute;o tr&ecirc;n b&aacute;o ch&iacute; v&agrave; cải ch&iacute;nh\".</p>\n<p class=\"Normal\">Bộ quyết định, thu hồi giấy ph&eacute;p trang th&ocirc;ng tin điện tử đ&atilde; cấp cho b&aacute;o, y&ecirc;u cầu b&aacute;o thực hiện việc cải ch&iacute;nh, xin lỗi với đối c&aacute;c h&agrave;nh vi th&ocirc;ng tin sai sự thật, đồng thời xử phạt về 20 h&agrave;nh vi sai phạm.</p>\n<p class=\"Normal\">Với c&aacute; nh&acirc;n &ocirc;ng Kim Quốc Hoa - Tổng bi&ecirc;n tập, Bộ Th&ocirc;ng tin truyền th&ocirc;ng thu hồi thẻ nh&agrave; b&aacute;o, đề nghị cơ quan chủ quản l&agrave; Hội người cao tuổi c&aacute;ch chức.</p>\n<p class=\"Normal\">Bộ cho hay đ&atilde; chuyển hồ sơ vụ việc sang Cơ quan An ninh điều tra (Bộ C&ocirc;ng an) để \"xem x&eacute;t, điều tra xử l&yacute; theo quy định của ph&aacute;p luật với h&agrave;nh vi đăng 11 b&agrave;i viết c&oacute; dấu hiệu phạm tội\".</p>\n<table class=\"tbl_insert\" border=\"1\" cellspacing=\"0\" cellpadding=\"1\" align=\"right\">\n<tbody>\n<tr>\n<td>Theo Thứ trưởng Trương Minh Tuấn, cuối năm 2014, Hội Người cao tuổi đề nghị khen thưởng &ocirc;ng Kim Quốc Hoa l&agrave; chiến sĩ thi đua to&agrave;n quốc. Tuy nhi&ecirc;n Bộ Th&ocirc;ng tin truyền th&ocirc;ng kh&ocirc;ng chấp nhận v&igrave; nhận thấy &ocirc;ng Hoa c&oacute; dấu hiệu sai phạm v&agrave; quyết định thanh tra đột xuất.</td>\n</tr>\n</tbody>\n</table>\n<p class=\"Normal\">Ngay s&aacute;ng nay, b&agrave; Đỗ Thị T&igrave;nh, Ph&oacute; ch&aacute;nh Thanh tra Bộ Th&ocirc;ng tin truyền th&ocirc;ng đ&atilde; c&ocirc;ng bố quyết định thu hồi thẻ nh&agrave; b&aacute;o của &ocirc;ng Kim Quốc Hoa do \"vi phạm c&aacute;c quy định về th&ocirc;ng tin tr&ecirc;n b&aacute;o ch&iacute; g&acirc;y hậu quả nghi&ecirc;m trọng\".</p>\n<p class=\"Normal\">B&agrave; T&igrave;nh cũng c&ocirc;ng bố quyết định thu hồi giấy ph&eacute;p thiết lập trang th&ocirc;ng tin điện tử tổng hợp cấp cho b&aacute;o Người cao tuổi v&agrave;o ng&agrave;y 3/12/2010 bởi \"vi phạm c&aacute;c quy định về quản l&yacute; cung cấp dịch vụ Internet v&agrave; th&ocirc;ng tin tr&ecirc;n mạng\".</p>\n<p class=\"Normal\">&Ocirc;ng H&agrave; Minh Huệ, Ph&oacute; Chủ tịch Hội nh&agrave; b&aacute;o Việt Nam th&ocirc;ng b&aacute;o, do những vi phạm trong thực hiện ph&aacute;p luật về b&aacute;o ch&iacute; của &ocirc;ng Kim Quốc Hoa, Hội sẽ sớm r&uacute;t thẻ hội vi&ecirc;n của &ocirc;ng n&agrave;y.</p>\n<p class=\"Normal\">Tại buổi c&ocirc;ng bố kết luận thanh tra s&aacute;ng nay, &ocirc;ng Kim Quốc Hoa kh&ocirc;ng c&oacute; mặt theo y&ecirc;u cầu.</p>\n<table class=\"tbl_insert\" border=\"1\" cellspacing=\"0\" cellpadding=\"1\" align=\"center\">\n<tbody>\n<tr>\n<td>\n<p class=\"Normal\">&Ocirc;ng Kim Quốc Hoa sinh năm 1945 tại huyện Ph&uacute; Xuy&ecirc;n, H&agrave; T&acirc;y. &Ocirc;ng từng l&agrave;m ph&oacute;ng vi&ecirc;n tờ &ldquo;Chiến sĩ hậu cần&rdquo; năm 1971.&nbsp;</p>\n<p class=\"Normal\">Năm 1990, &ocirc;ng Hoa được bổ nhiệm l&agrave;m Tổng bi&ecirc;n tập b&aacute;o Tuổi trẻ thủ đ&ocirc;, sau đ&oacute; l&agrave;m Tổng bi&ecirc;n tập c&aacute;c b&aacute;o Lao động X&atilde; hội, X&acirc;y dựng... Năm 2007, &ocirc;ng l&agrave;m Tổng bi&ecirc;n tập b&aacute;o Người cao tuổi.</p>\n</td>\n</tr>\n</tbody>\n</table>\n<p>&nbsp;</p>',1,'news_post',1,NULL,13,'2015-02-10 21:08:29','2015-02-10 21:30:36'),(31,57,'tren-tay-iphone-6-va-iphone-6-6-dep-hon-6-6-to-hon-6',1,'Trên tay iPhone 6 và iPhone 6+: 6 đẹp hơn 6+, 6+ to hơn 6','Màn hình iPhone 6+ mịn và đẹp hơn màn hình iPhone 6 khá nhiều. Camera lồi lên không nhiều như mọi người thấy qua ảnh nhưng sẽ tốt hơn nếu không lồi. Mức độ hoàn thiện sản phẩm của Apple vẫn ở mức rất cao cấp. Mọi thứ đều rất là sắc xảo và hoàn thiện ở mức cao. Hệ thống nút thay đổi giúp dễ dàng bấm hơn và bấm êm tay hơn.','<p>Bạn sẽ bất ngờ v&igrave; <a class=\"Tinhte_XenTag_TagLink\" href=\"https://www.tinhte.vn/tags/iphone+6+plus/\" target=\"_blank\">iPhone 6 plus</a> qu&aacute; lớn, nếu bạn đang d&ugrave;ng iPhone 5s. Trong khi đ&oacute; th&igrave; <a class=\"Tinhte_XenTag_TagLink\" href=\"https://www.tinhte.vn/tags/iphone+6/\" target=\"_blank\">iPhone 6</a> c&oacute; vẻ dễ chịu hơn từ c&aacute;i nh&igrave;n đầu ti&ecirc;n. Sườn m&aacute;y cong, g&oacute;c bo mạnh, m&eacute;p k&iacute;nh m&agrave;i gi&uacute;p cho cảm gi&aacute;c cầm <a class=\"Tinhte_XenTag_TagLink\" href=\"https://www.tinhte.vn/tags/tr%C3%AAn+tay/\" target=\"_blank\">tr&ecirc;n tay</a> mềm mại v&agrave; tuyệt vời hơn nhiều so với iPhone 5s trước đ&acirc;y hay so với những m&aacute;y kh&aacute;c. M&agrave;n h&igrave;nh iPhone 6+ mịn v&agrave; đẹp hơn m&agrave;n h&igrave;nh iPhone 6 kh&aacute; nhiều. Camera lồi l&ecirc;n kh&ocirc;ng nhiều như mọi người thấy qua ảnh nhưng sẽ tốt hơn nếu kh&ocirc;ng lồi. Mức độ ho&agrave;n thiện sản phẩm của Apple vẫn ở mức rất cao cấp. Mọi thứ đều rất l&agrave; sắc xảo v&agrave; ho&agrave;n thiện ở mức cao. Hệ thống n&uacute;t thay đổi gi&uacute;p dễ d&agrave;ng bấm hơn v&agrave; bấm &ecirc;m tay hơn.<br /><br />Hiện tại m&agrave;n h&igrave;nh 6 v&agrave; 6+ to hơn, độ ph&acirc;n giải cao hơn n&ecirc;n ứng dụng sẽ zoom l&ecirc;n để ph&ugrave; hợp. Kết quả l&agrave; những ứng dụng được Apple c&agrave;i đặt sẵn th&igrave; r&otilde; r&agrave;ng v&agrave; sắc n&eacute;t, c&ograve;n c&aacute;c ứng dụng kh&aacute;c th&igrave; hơi mờ. Anh em cũng kh&ocirc;ng cần lo v&igrave; Dev của iOS update rất nhanh. <a class=\"externalLink\" href=\"http://vinhphatmobile.com/\" target=\"_blank\">Vĩnh Ph&aacute;t Mobile </a>mang hai chiếc iPhone mới n&agrave;y về từ Hong Kong. iPhone 6 16GB được ch&agrave;o b&aacute;n khoảng 24 triệu trong khi bản iPhone 6 Plus th&igrave; chưa c&oacute; gi&aacute;.<br /><br /></p>\n<div><iframe src=\"https://www.youtube.com/embed/I2n8frTN-W4?wmode=opaque\" width=\"560\" height=\"315\" frameborder=\"0\" allowfullscreen=\"allowfullscreen\"></iframe>​</div>\n<p><br /><strong>To</strong><br />Ch&uacute;ng ta đ&atilde; quen với h&igrave;nh ảnh những chiếc iPhone nhỏ, mỏng nhẹ n&ecirc;n khi cầm iPhone 6 v&agrave; 6+ tr&ecirc;n tay th&igrave; anh em sẽ thấy n&oacute; kh&aacute; lớn. Đặc biệt l&agrave; iPhone 6+. Nhưng được c&aacute;i n&oacute; rất mỏng. Kh&ocirc;ng chỉ m&agrave;n h&igrave;nh lớn m&agrave; c&aacute;c cạnh m&agrave;n h&igrave;nh cũng kh&ocirc;ng nhỏ n&ecirc;n l&agrave;m cho m&aacute;y c&agrave;ng lớn hơn. Cạnh dưới của m&agrave;n h&igrave;nh phải đủ lớn để chứa n&uacute;t Home tr&ograve;n v&agrave; bấm v&agrave;o n&uacute;t cứng kh&ocirc;ng bị mất c&acirc;n đối. Cạnh tr&ecirc;n cũng phải c&acirc;n đối với cạnh dưới n&ecirc;n ch&uacute;ng ta c&oacute; cả hai cạnh đều kh&aacute; d&agrave;y. Hai cạnh m&agrave;n h&igrave;nh hai b&ecirc;n cũng kh&ocirc;ng phải l&agrave; loại mỏng như G2 m&agrave; l&agrave; loại b&igrave;nh thường, tuy nhi&ecirc;n do c&aacute;c cạnh sườn của m&aacute;y bo tr&ograve;n n&ecirc;n m&aacute;y b&egrave; hơn ra một ch&uacute;t nữa. H&atilde;y chắc chắn một điều l&agrave; bạn sẽ d&ugrave;ng iPhone 6+ bằng hai tay.<br /><br />M&agrave;n h&igrave;nh to cho trải nghiệm sướng hơn rất nhiều. Nhất l&agrave; đối với iPhone 6+. Nếu bạn đang d&ugrave;ng một chiếc iPad mini hay một chiếc tablet &lt;10\" th&igrave; nhiều khả năng bạn sẽ kh&ocirc;ng cần đến n&oacute; nữa v&igrave; iPhone 6+ thể hiện nội dung kh&ocirc;ng k&eacute;m hơn. Tức l&agrave; iPhone 6+ c&oacute; thể đảm nhiệm như một thiết bị tất cả trong một.<br /><br />M&agrave;n h&igrave;nh iPhone 6 kh&ocirc;ng to khổng lồ như iPhone 6+ nhưng việc đọc nội dung cũng được cải thiện đ&aacute;ng kể. Chữ lớn hơn, h&igrave;nh lớn hơn, video to hơn... Theo cảm nhận của m&igrave;nh th&igrave; việc chuyển từ iPhone 5s l&ecirc;n iPhone 6 sẽ dễ chịu hơn l&agrave; l&ecirc;n 6+ v&igrave; sự ch&ecirc;nh lệch của 6+ với 5s l&agrave; qu&aacute; lớn.</p>',1,'news_post',1,NULL,14,'2015-02-10 21:29:34','2015-02-10 21:29:34'),(32,38,'optimize-eloquent-query-for-retrieval-of-min-and-max-value-of-relation',1,'Optimize Eloquent query for retrieval of min and max value of relation','I\'ve a question regarding the retrieval of a minimum and a maximum value of a field in a relation.','<p>Hi there,</p>\n<p>I\'ve a question regarding the retrieval of a minimum and a maximum value of a field in a relation.</p>\n<p>I have 4 tables:</p>\n<ul>\n<li>Users</li>\n<li>Products</li>\n<li>URLs</li>\n<li>Prices</li>\n</ul>\n<p>Relations: - Every user has one or more products - Every product has one or more URLs - Every URL has one price</p>\n<p>My controller retrieves all Products and eager loads the URLs and prices, like this:</p>\n<pre><code class=\"coffeescript\"><span class=\"attribute\">Product</span>::<span class=\"reserved\">with</span><span class=\"function\"><span class=\"params\">( <span class=\"string\">\'urls\'</span>,<span class=\"string\">\'prices\'</span> )</span>-&gt;</span>where<span class=\"function\"><span class=\"params\">(<span class=\"string\">\'user_id\'</span>, <span class=\"string\">\'=\'</span>, $id)</span>-&gt;</span>get();\n</code></pre>\n<p>Is it possible to directly retrieve from the query the minimum and maximum values (from table prices) for a product? Currently I\'m using a foreach loop that loops through the products, and for every product it loops through all prices, there it saves the minimum and maximum value that is used in the view.</p>\n<p>My feeling is that this can be solved better?</p>',1,'news_post',1,NULL,15,'2015-03-27 09:57:54','2015-03-27 09:57:54'),(33,NULL,'footer',1,'Footer',NULL,'<!-- BEGIN PRE-FOOTER -->\n<div class=\"pre-footer\">\n<div class=\"container\">\n<div class=\"row\"><!-- BEGIN BOTTOM ABOUT BLOCK -->\n<div class=\"col-md-4 col-sm-6 pre-footer-col\">\n<h2>About us</h2>\n<p>Lorem ipsum dolor sit amet, consectetuer adipiscing elit, sed diam sit nonummy nibh euismod tincidunt ut laoreet dolore magna aliquarm erat sit volutpat.</p>\n<div class=\"photo-stream\">\n<h2>Photos Stream</h2>\n<ul class=\"list-unstyled\">\n<li><a href=\"#\"><img src=\"assets/frontend/pages/img/people/img5-small.jpg\" alt=\"\" /></a></li>\n<li><a href=\"#\"><img src=\"assets/frontend/pages/img/works/img1.jpg\" alt=\"\" /></a></li>\n<li><a href=\"#\"><img src=\"assets/frontend/pages/img/people/img4-large.jpg\" alt=\"\" /></a></li>\n<li><a href=\"#\"><img src=\"assets/frontend/pages/img/works/img6.jpg\" alt=\"\" /></a></li>\n<li><a href=\"#\"><img src=\"assets/frontend/pages/img/works/img3.jpg\" alt=\"\" /></a></li>\n<li><a href=\"#\"><img src=\"assets/frontend/pages/img/people/img2-large.jpg\" alt=\"\" /></a></li>\n<li><a href=\"#\"><img src=\"assets/frontend/pages/img/works/img2.jpg\" alt=\"\" /></a></li>\n<li><a href=\"#\"><img src=\"assets/frontend/pages/img/works/img5.jpg\" alt=\"\" /></a></li>\n<li><a href=\"#\"><img src=\"assets/frontend/pages/img/people/img5-small.jpg\" alt=\"\" /></a></li>\n<li><a href=\"#\"><img src=\"assets/frontend/pages/img/works/img1.jpg\" alt=\"\" /></a></li>\n<li><a href=\"#\"><img src=\"assets/frontend/pages/img/people/img4-large.jpg\" alt=\"\" /></a></li>\n<li><a href=\"#\"><img src=\"assets/frontend/pages/img/works/img6.jpg\" alt=\"\" /></a></li>\n<li><a href=\"#\"><img src=\"assets/frontend/pages/img/works/img3.jpg\" alt=\"\" /></a></li>\n<li><a href=\"#\"><img src=\"assets/frontend/pages/img/people/img2-large.jpg\" alt=\"\" /></a></li>\n<li><a href=\"#\"><img src=\"assets/frontend/pages/img/works/img2.jpg\" alt=\"\" /></a></li>\n</ul>\n</div>\n</div>\n<!-- END BOTTOM ABOUT BLOCK --> <!-- BEGIN BOTTOM CONTACTS -->\n<div class=\"col-md-4 col-sm-6 pre-footer-col\">\n<h2>Our Contacts</h2>\n<address class=\"margin-bottom-40\">35, Lorem Lis Street, Park Ave<br /> California, US<br /> Phone: 300 323 3456<br /> Fax: 300 323 1456<br /> Email: <a href=\"mailto:info@metronic.com\">info@metronic.com</a><br /> Skype: <a href=\"skype:metronic\">metronic</a></address>\n<div class=\"pre-footer-subscribe-box pre-footer-subscribe-box-vertical\">\n<h2>Newsletter</h2>\n<p>Subscribe to our newsletter and stay up to date with the latest news and deals!</p>\n<form action=\"#\">\n<div class=\"input-group\"><input class=\"form-control\" type=\"text\" placeholder=\"youremail@mail.com\" /> <span class=\"input-group-btn\"> <button class=\"btn btn-primary\" type=\"submit\">Subscribe</button> </span></div>\n</form></div>\n</div>\n<!-- END BOTTOM CONTACTS --> <!-- BEGIN TWITTER BLOCK -->\n<div class=\"col-md-4 col-sm-6 pre-footer-col\">\n<h2 class=\"margin-bottom-0\">Latest Tweets</h2>\n<a class=\"twitter-timeline\" href=\"https://twitter.com/twitterapi\" data-tweet-limit=\"2\" data-theme=\"dark\" data-link-color=\"#57C8EB\" data-widget-id=\"455411516829736961\" data-chrome=\"noheader nofooter noscrollbar noborders transparent\">Loading tweets by @keenthemes...</a></div>\n<!-- END TWITTER BLOCK --></div>\n</div>\n</div>\n<!-- BEGIN FOOTER -->\n<div class=\"footer\">\n<div class=\"container\">\n<div class=\"row\"><!-- BEGIN COPYRIGHT -->\n<div class=\"col-md-6 col-sm-6 padding-top-10\">2014 &copy; Metronic Shop UI. ALL Rights Reserved. <a href=\"#\">Privacy Policy</a> | <a href=\"#\">Terms of Service</a></div>\n<!-- END COPYRIGHT --> <!-- BEGIN PAYMENTS -->\n<div class=\"col-md-6 col-sm-6\">&nbsp;</div>\n</div>\n</div>\n</div>',1,'static_page',NULL,NULL,NULL,'2015-04-08 05:03:02','2015-11-03 14:34:49'),(34,NULL,'contact',1,'Contact us',NULL,'<article class=\"main\">\n<h1>Contact Us</h1>\n<h2>Get in touch with us</h2>\n<p>Nullam dictum felis eu pede mollis pretium. Integer tincidunt. Cras dapibus. Vivamus elementum semper nisi. Aenean vulputate eleifend tellus. Aenean leo ligula, porttitor eu, consequat vitae, eleifend ac, enim. Aliquam lorem ante, dapibus in, viverra quis, feugiat a, tellus. Nullam dictum felis eu pede mollis pretium. Integer tincidunt. Cras dapibus. Vivamus elementum semper nisi. Aenean vulputate eleifend tellus. Aenean leo ligula, porttitor eu, consequat vitae, eleifend ac, enim. Aliquam lorem ante, dapibus in, viverra quis, feugiat a, tellus.</p>\n<form class=\"contact-form\" action=\"send-contact.php\" method=\"post\">\n<p class=\"half\"><label for=\"name\">Name</label><input id=\"name\" name=\"name\" type=\"text\" /></p>\n<p class=\"half\"><label for=\"email\">E-mail</label><input id=\"email\" name=\"email\" type=\"text\" /></p>\n<p><label for=\"subject\">Topic</label><select id=\"subject\" name=\"subject\">\n<option value=\"0\">Choose</option>\n<option value=\"1\">When are you going to appear in my area?</option>\n<option value=\"2\">Complaint</option>\n<option value=\"3\">You\'re awesome!</option>\n</select></p>\n<p><label for=\"message\">Message</label><textarea id=\"message\" cols=\"20\" name=\"message\" rows=\"5\"></textarea></p>\n<p><button name=\"send\" type=\"submit\" value=\"1\">Send message</button></p>\n</form></article>\n<aside>\n<section>\n<div id=\"map\" class=\"gmap\">3 Abbey Rd, London, Greater London NW8 9AY</div>\n</section>\n<section>\n<h3>Contact details</h3>\n<p>Company Name Ltd. 3300 Super High<br />Green Village, London, AA22 B45</p>\n<p>Phone: +44 345 345 3456<br />E-mail: <a href=\"mailto:contact@company.com\">contact@company.com</a></p>\n</section>\n<section class=\"social\">\n<h3>Get social</h3>\n<ul>\n<li><a class=\"facebook\" href=\"#\">Facebook</a></li>\n<li><a class=\"twitter\" href=\"#\">Twitter</a></li>\n<li><a class=\"pinterest\" href=\"#\">Pinterest</a></li>\n<li><a class=\"rss\" href=\"#\">RSS</a></li>\n<li><a class=\"linkedin\" href=\"#\">LinkedIn</a></li>\n<li><a class=\"flickr\" href=\"#\">Flickr</a></li>\n<li><a class=\"vimeo\" href=\"#\">Vimeo</a></li>\n<li><a class=\"blogger\" href=\"#\">Blogger</a></li>\n</ul>\n<span id=\"CmCaReT\"></span></section>\n</aside>',1,'static_page',NULL,NULL,NULL,'2015-04-09 11:20:19','2015-09-21 08:04:04'),(35,NULL,'gmap',1,'Gmap',NULL,'<div class=\"gmap\" data-address=\"104 Mai Thị Lựu, Đa Kao, Hồ Ch&iacute; Minh, Việt Nam\" data-height=\"300px\" data-width=\"100%\" data-type=\"satellite\" data-zoom=\"15\">&nbsp;</div>',1,'static_page',NULL,NULL,NULL,'2015-06-11 16:10:47','2015-06-11 16:36:14'),(36,NULL,'about_us',1,'About us',NULL,'<p>metronic is probably most complete and customizable template in the world. Great deal to buy.</p>\n<p>&nbsp;</p>\n<p class=\"signature\">- Tom Sterling / ThemeMotive Inc.</p>',1,'static_page',NULL,NULL,NULL,'2015-09-12 03:46:38','2015-09-12 03:46:38'),(37,NULL,'why_customers_choose_us',1,'Why customers choose us',NULL,'<p>metronic has got tons of the outstanding features. It is probably the most complete and custmomizable template in the world. It includes for example: 14 predefinied different index pages for metronic usage (corporate, business, shop, magazine, hosting, agency, hotel, landing page), 14 predefinied different menus, 14 predefinied unique premium ThemeMotive sliders, 10 styles of the headlines and so much much more.<span id=\"CmCaReT\"></span></p>',1,'static_page',NULL,NULL,NULL,'2015-09-12 03:53:27','2015-09-12 03:53:27'),(38,40,'mua_nghich_ly_bong_da',1,'Miura và nghịch lý bóng đá ở Việt Nam','Có lẽ chẳng nơi đâu như Việt Nam, khi từ quan chức cho đến một bộ phận truyền thông và người hâm mộ gào lên đòi sa thải HLV sau... một trận thắng.','<div class=\"block_timer_share\">\n<div class=\"block_timer left txt_666\">C&oacute; lẽ chẳng nơi đ&acirc;u như Việt Nam, khi từ quan chức cho đến một bộ phận truyền th&ocirc;ng v&agrave; người h&acirc;m mộ g&agrave;o l&ecirc;n đ&ograve;i sa thải HLV sau... một trận thắng.</div>\n</div>\n<div class=\"relative_new\">\n<ul class=\"list_news_dot_3x3_300\">\n<li><a title=\"HLV Ng&ocirc; Quang Trường: &lsquo;B&oacute;ng đ&aacute; quan trọng nhất l&agrave; chiến thắng&rsquo;\" href=\"http://thethao.vnexpress.net/tin-tuc/bong-da-trong-nuoc/hlv-ngo-quang-truong-bong-da-quan-trong-nhat-la-chien-thang-3276673.html\">HLV Ng&ocirc; Quang Trường: &lsquo;B&oacute;ng đ&aacute; quan trọng nhất l&agrave; chiến thắng&rsquo;</a>&nbsp;/&nbsp;<a title=\"B&oacute;ng đ&aacute; Việt Nam: Đừng nghĩ c&aacute;ch đ&aacute;nh bại, h&atilde;y học người Th&aacute;i\" href=\"http://thethao.vnexpress.net/tin-tuc/bong-da-trong-nuoc/bong-da-viet-nam-dung-nghi-cach-danh-bai-hay-hoc-nguoi-thai-3274801.html\">B&oacute;ng đ&aacute; Việt Nam: Đừng nghĩ c&aacute;ch đ&aacute;nh bại, h&atilde;y học người Th&aacute;i</a></li>\n</ul>\n</div>\n<div class=\"fck_detail width_common\">\n<table class=\"tplCaption\" border=\"0\" cellspacing=\"0\" cellpadding=\"3\" align=\"center\">\n<tbody>\n<tr>\n<td><img src=\"http://c1.f1.img.vnecdn.net/2015/09/11/1-JPG-4135-1441942492.jpg\" alt=\"1-JPG-4135-1441942492.jpg\" data-natural-width=\"500\" data-width=\"500\" data-pwidth=\"470.40625\" /></td>\n</tr>\n<tr>\n<td>\n<p class=\"Image\">HLV Miura đang đối diện với một l&agrave;n s&oacute;ng phản đối lớn chưa từng c&oacute; kể từ khi &ocirc;ng đến Việt Nam. Ảnh: <em>Đức Đồng.</em></p>\n</td>\n</tr>\n</tbody>\n</table>\n<p class=\"Normal\">Trong tuần qua c&oacute; một sự kiện trọng đại của nền b&oacute;ng đ&aacute; nhỏ San Marino. Đ&oacute; l&agrave; sau 14 năm, trải d&agrave;i qua 34 trận v&agrave; 3.060 ph&uacute;t thi đấu, rốt cục họ cũng <a href=\"http://thethao.vnexpress.net/photo/cac-giai-khac/doi-tuyen-mat-14-nam-de-ghi-mot-ban-tren-san-doi-phuong-3276542.html\">ghi được một b&agrave;n tr&ecirc;n s&acirc;n kh&aacute;ch</a>. Chỉ cần con số thống k&ecirc; ấy, đủ thấy đội tuyển San Marino yếu k&eacute;m thế n&agrave;o. Nhưng họ c&oacute; niềm hạnh ph&uacute;c của đội yếu. Nh&igrave;n c&aacute;i c&aacute;ch ăn mừng của đội b&oacute;ng gồm to&agrave;n những cầu thủ nghiệp dư ấy, c&oacute; cảm tưởng họ vừa ghi b&agrave;n trong trận chung kết World Cup.</p>\n<p class=\"Normal\">Đấy l&agrave; niềm vui thuần ph&aacute;c của một kẻ biết m&igrave;nh đang ở đ&acirc;u tr&ecirc;n thế giới. C&ograve;n ở Việt Nam, c&acirc;u chuyện vị thế của nền b&oacute;ng đ&aacute; nước nh&agrave; c&oacute; lẽ l&agrave; đề t&agrave;i mu&ocirc;n thuở. Hỏi hoa, hoa chẳng n&oacute;i; hỏi m&acirc;y, m&acirc;y lặng đứng; hỏi gi&oacute;, gi&oacute; ngập ngừng; hỏi nắng, nắng ngại ng&ugrave;ng; hỏi quan, quan n&eacute;; hỏi l&iacute;nh, l&iacute;nh l&agrave;m ngơ.</p>\n<p class=\"Normal\">Người ta đ&ograve;i sa thải HLV Toshiya Miura chỉ v&igrave; đội tuyển<a href=\"http://thethao.vnexpress.net/tong-thuat/viet-nam-gianh-chien-thang-kich-tinh-truoc-dai-loan-3276115.html\" target=\"_blank\"> thắng kh&ocirc;ng đẹp trước Đ&agrave;i Loan</a>, l&agrave;m &ldquo;mất mặt&rdquo; một nền b&oacute;ng đ&aacute;, l&agrave;m mất thời gian theo d&otilde;i của h&agrave;ng triệu CĐV nước nh&agrave;... HLV Jose Mourinho nếu sang đ&acirc;y l&agrave;m việc, chắc cũng sẽ sớm từ chức v&igrave; &aacute;p lực. Bởi, ngỡ đ&acirc;u chỉ những đội b&oacute;ng lớn mới mưu cầu đ&aacute; đẹp, n&agrave;o ngờ một đội b&oacute;ng nhỏ như Việt Nam cũng muốn phải đ&aacute; tr&ecirc;n ch&acirc;n mọi đối thủ. Người h&acirc;m mộ kh&ocirc;ng quan t&acirc;m đội bạn l&agrave; ai, đ&aacute; c&oacute; hay kh&ocirc;ng, c&oacute; chiến thuật hợp l&yacute; kh&ocirc;ng, họ chỉ biết rằng đội nh&agrave; đ&aacute; kh&ocirc;ng hay v&agrave; lập tức l&ocirc;i HLV l&ecirc;n đoạn đầu đ&agrave;i.</p>\n</div>',1,'news_post',1,NULL,16,'2015-09-12 09:09:41','2015-09-12 09:09:41'),(39,NULL,'qoute_langding_page',1,'Quote langding page',NULL,'<p>We tested it and so far there is probably no other template, which have so much customization options included.</p>\n<p class=\"signature\">- Tom Sterling / ThemeMotive Inc.</p>',1,'static_page',NULL,NULL,NULL,'2015-09-26 06:27:40','2015-09-26 06:29:55'),(40,NULL,'Why_metronic',1,'Why metronic?',NULL,'<ul>\n<ul>\n<li>Ultra customizable website template</li>\n<li>Smooth responsive design</li>\n<li>Retina ready template</li>\n<li>Unlimited color possibility</li>\n<li>Premium sliders included in the price</li>\n<li>And so much much more...</li>\n</ul>\n</ul>',1,'static_page',NULL,NULL,NULL,'2015-09-26 06:36:41','2015-09-26 06:36:41'),(41,NULL,'Most_Customizable_Theme_Ever_has_Released',1,'Most Customizable Theme Ever has Released','Thanks to metronic you can now build websites with the lowest cost possible. metronic’s goal is to help you build unique and modern websites fast, easy and with the lowest cost possible. With metronic you can create many unique style websites for differends needs and purposes. You can now start to build better websites with metronic.','<p><span class=\"img-border \"><img class=\"attachment-thumbnail-high-large wp-post-image\" src=\"http://thememotive.com/metronic-theme/wp-content/uploads/2014/09/photo-29-680x550.jpg\" alt=\"photo-29\" width=\"680\" height=\"550\" /></span></p>\n<p>metronic&rsquo;s goal is to help you build unique and modern websites fast, easy and with the lowest cost possible. With metronic you can create unique style websites for differend needs.</p>\n<p>Neque porro quisquam est, qui dolorem ipsum quia dolor sit amet, consectetur, adipisci velit, sed quia non numquam eius modi tempora incidunt ut labore et dolore magnam aliquam quaerat voluptatem. Ut enim ad minima veniam, quis nostrum exercitationem ullam corporis suscipit laboriosam, nisi ut aliquid ex ea commodi consequatur?</p>\n<blockquote>\n<p>It is a paradisematic country, in which roasted parts of sentences fly into your mouth. Even the all-powerful Pointing has no control about the blind texts it is an almost unorthographic life One day however a small line of blind text by the name of Lorem Ipsum decided to leave for the far World of Grammar.</p>\n</blockquote>\n<p>Quis autem vel eum iure reprehenderit qui in ea voluptate velit esse quam nihil molestiae consequatur, vel illum qui dolorem eum fugiat quo voluptas nulla pariatur? At vero eos et accusamus et iusto odio dignissimos ducimus qui blanditiis praesentium voluptatum deleniti atque corrupti quos dolores et quas molestias excepturi sint occaecati cupiditate non provident, similique sunt in culpa qui officia deserunt mollitia animi, id est laborum et dolorum fuga. Et harum quidem rerum facilis est et expedita distinctio. Nam libero tempore, cum soluta nobis est eligendi optio cumque nihil impedit quo minus id quod maxime placeat facere</p>',1,'news_post',1,NULL,17,'2015-09-26 07:03:35','2015-09-26 07:03:35'),(42,NULL,'Build_Bette_ Websites_with_metronic',1,'Build Better Websites with metronic WordPress Theme','Thanks to metronic you can now build websites with the lowest cost possible. metronic’s goal is to help you build unique and modern websites fast, easy and with the lowest cost possible. With metronic you can create many unique style websites for differends needs and purposes. You can now start to build better websites with metronic.','<p><span class=\"img-border \"><img class=\"attachment-thumbnail-high-large wp-post-image\" src=\"http://thememotive.com/metronic-theme/wp-content/uploads/2014/09/photo-40-680x453.jpg\" alt=\"photo-40\" width=\"680\" height=\"453\" /></span></p>\n<p>Create fast your unique website with easy steps. Choose one top header style, header menu, slider type, color, title style, pattern or frame, font, boxed or wide version.</p>\n<p>Neque porro quisquam est, qui dolorem ipsum quia dolor sit amet, consectetur, adipisci velit, sed quia non numquam eius modi tempora incidunt ut labore et dolore magnam aliquam quaerat voluptatem. Ut enim ad minima veniam, quis nostrum exercitationem ullam corporis suscipit laboriosam, nisi ut aliquid ex ea commodi consequatur?</p>\n<blockquote>\n<p>It is a paradisematic country, in which roasted parts of sentences fly into your mouth. Even the all-powerful Pointing has no control about the blind texts it is an almost unorthographic life One day however a small line of blind text by the name of Lorem Ipsum decided to leave for the far World of Grammar.</p>\n</blockquote>\n<p>Quis autem vel eum iure reprehenderit qui in ea voluptate velit esse quam nihil molestiae consequatur, vel illum qui dolorem eum fugiat quo voluptas nulla pariatur? At vero eos et accusamus et iusto odio dignissimos ducimus qui blanditiis praesentium voluptatum deleniti atque corrupti quos dolores et quas molestias excepturi sint occaecati cupiditate non provident, similique sunt in culpa qui officia deserunt mollitia animi, id est laborum et dolorum fuga. Et harum quidem rerum facilis est et expedita distinctio. Nam libero tempore, cum soluta nobis est eligendi optio cumque nihil impedit quo minus id quod maxime placeat facere</p>',1,'news_post',1,NULL,18,'2015-09-26 07:04:50','2015-09-26 07:04:50'),(43,NULL,'elegant_get_in_touch',1,'Elegant get in touch',NULL,'<section class=\"hp-intro\">\n<p class=\"slogan\">Sed ut perspiciatis unde omnis iste natus error sit voluptatem accusantium doloremque laudantium</p>\n<p class=\"cta\"><a class=\"button\" href=\"#\">Get in touch with us</a></p>\n</section>',1,'static_page',NULL,NULL,NULL,'2015-09-30 18:44:38','2015-10-03 07:12:21'),(45,NULL,'elegant_customers_about_us',1,'Customers about us',NULL,'<p>Sed ut perspiciatis unde omnis iste natus error sit voluptatem accusantium doloremque laudantium</p>\n<p class=\"signature\">- Michael Brown / SDC Industry Inc.</p>',1,'static_page',NULL,NULL,NULL,'2015-09-30 18:56:49','2015-09-30 18:56:49'),(46,NULL,'basic',1,'Basic',NULL,'<h2>Basic</h2>\n<p class=\"subtitle\">Personal</p>\n<hr />\n<p class=\"price free\">Free</p>\n<ul>\n<li><strong>5</strong> Projects</li>\n<li>0 Clients/Collaborators</li>\n<li>0 Team members</li>\n<li><strong>1 GB</strong> Storage</li>\n</ul>\n<p class=\"buy\"><a class=\"button\" href=\"#\">Sign up</a></p>',1,'news_post',0,NULL,19,'2015-10-09 16:46:18','2015-10-09 16:46:18'),(47,NULL,'startup',1,'Startup',NULL,'<h2>Startup</h2>\n<p class=\"subtitle\">Best value</p>\n<hr />\n<p class=\"price\"><sup>$</sup><strong>49</strong>/mo</p>\n<ul>\n<li><strong>10</strong> Projects</li>\n<li><strong>5</strong> Clients/Collaborators</li>\n<li><strong>3</strong> Team members</li>\n<li><strong>5 GB</strong> Storage</li>\n</ul>\n<p class=\"buy\"><a class=\"button\" href=\"#\">Sign up</a></p>',1,'news_post',0,NULL,20,'2015-10-09 16:46:58','2015-10-09 16:46:58'),(48,NULL,'premium',1,'Premium',NULL,'<h2>Premium</h2>\n<p class=\"subtitle\">Business</p>\n<hr />\n<p class=\"price\"><sup>$</sup><strong>99</strong>/mo</p>\n<ul>\n<li><strong>30</strong> Projects</li>\n<li><strong>15</strong> Clients/Collaborators</li>\n<li><strong>10</strong> Team members</li>\n<li><strong>20 GB</strong> Storage</li>\n</ul>\n<p class=\"buy\"><a class=\"button\" href=\"#\">Sign up</a></p>',1,'news_post',0,NULL,21,'2015-10-09 16:47:34','2015-10-09 16:47:34'),(49,NULL,'professional',1,'Professional',NULL,'<h2>Professional</h2>\n<p class=\"subtitle\">Big Business</p>\n<hr />\n<p class=\"price\"><sup>$</sup><strong>239</strong>/mo</p>\n<ul>\n<li><strong>Unlimited</strong> Projects</li>\n<li><strong>50</strong> Clients/Collaborators</li>\n<li><strong>30</strong> Team members</li>\n<li><strong>100 GB</strong> Storage</li>\n</ul>\n<p class=\"buy\"><a class=\"button\" href=\"#\">Sign up</a></p>',1,'news_post',0,NULL,22,'2015-10-09 16:47:58','2015-10-09 16:47:58'),(51,NULL,'hotel_intro',1,'cum sociis natoque penatibus et magnis dis parturient montes',NULL,'<p>Cum sociis natoque penatibus et magnis dis parturient montes, nascetur ridiculus mus. Donec quam felis, ultricies nec, pellentesque eu, pretium quis, sem. Nulla consequat massa quis enim. Donec pede justo, fringilla vel, aliquet nec, vulputate eget, arcu. In enim justo, rhoncus ut, imperdiet a, venenatis vitae, justo. Donec pede justo, fringilla vel, aliquet nec, vulputate eget, arcu. In enim justo, rhoncus ut, imperdiet a, venenatis vitae, justo.</p>',1,'static_page',NULL,NULL,NULL,'2015-10-10 02:02:41','2015-10-10 02:02:41'),(52,NULL,'pricing',1,'Pricing',NULL,'<table>\n<tbody>\n<tr><th>Title</th><th>Value</th></tr>\n<tr>\n<td>Totam rem aperiam</td>\n<td>20 - 30 $</td>\n</tr>\n<tr>\n<td>Magnam aliquam quaerat</td>\n<td>30 - 40 $</td>\n</tr>\n<tr>\n<td>Corrupti quos dolores</td>\n<td>40 - 50 $</td>\n</tr>\n<tr>\n<td>Cupiditate non provident</td>\n<td>50 - 60 $</td>\n</tr>\n<tr>\n<td>Eligendi optio</td>\n<td>60 - 70 $</td>\n</tr>\n</tbody>\n</table>\n<p>&nbsp;</p>',1,'static_page',NULL,NULL,NULL,'2015-10-10 02:06:15','2015-10-10 02:06:15'),(53,NULL,'testimonials',1,'Testimonials',NULL,'<blockquote class=\"quote\">\n<p>Sed ut perspiciatis unde omnis iste natus error sit voluptatem accusantium doloremque laudantium</p>\n<p class=\"signature\">- Michael Brown / SDC Industry Inc.</p>\n<span id=\"CmCaReT\"></span></blockquote>',1,'static_page',NULL,NULL,NULL,'2015-10-10 02:06:58','2015-10-10 02:06:58'),(54,NULL,'hotel_why_choose_us',1,'Why choose us?',NULL,'<ul class=\"tick\">\n<li>totam rem aperiam</li>\n<li>magnam aliquam quaerat voluptatem</li>\n<li>corrupti quos dolores et quas molestias excepturi</li>\n<li>laboriosam, nisi ut aliquid ex ea commodi</li>\n<li>cupiditate non provident</li>\n<li>eligendi optio cumque</li>\n</ul>\n<p>&nbsp;</p>',1,'static_page',NULL,NULL,NULL,'2015-10-10 02:07:36','2015-10-10 02:07:36'),(55,39,'\'Trung_Quoc\'_ngang_nguoc_tuyen_bo_khong_cho_tau_My_vao_sat_Truong_Sa-20151010155205',1,'Trung Quốc ngang ngược tuyên bố không cho tàu Mỹ vào sát Trường Sa','Bắc Kinh tuyên bố \"không cho phép\" Mỹ hay các nước khác điều tàu vào phạm vi 12 hải lý quanh các bãi đá Trung Quốc xây dựng phi pháp ở Trường Sa của Việt Nam.','<p>&nbsp;</p>\n<table class=\"tplCaption\" border=\"0\" cellspacing=\"0\" cellpadding=\"3\" align=\"center\">\n<tbody>\n<tr>\n<td><img src=\"http://m.f29.img.vnecdn.net/2015/10/10/001372a9ae0514e1075501-3678-1444439213.jpg\" alt=\"B&agrave; Hoa Xu&acirc;n Doanh, ph&aacute;t ng&ocirc;n vi&ecirc;n Bộ Ngoại giao Trung Quốc. Ảnh: fmprc.gov.cn.\" data-natural-width=\"500\" data-width=\"500\" data-pwidth=\"470.40625\" /></td>\n</tr>\n<tr>\n<td>\n<p class=\"Image\">B&agrave; Hoa Xu&acirc;n Doanh, ph&aacute;t ng&ocirc;n vi&ecirc;n Bộ Ngoại giao Trung Quốc. Ảnh: <em>fmprc.gov.cn.</em></p>\n</td>\n</tr>\n</tbody>\n</table>\n<p class=\"Normal\"><em>R</em><em>euters</em> dẫn lời một quan chức quốc ph&ograve;ng Mỹ h&ocirc;m 8/10 n&oacute;i Washington đang xem x&eacute;t triển khai t&agrave;u chiến v&agrave;o trong phạm vi 12 hải l&yacute; quanh c&aacute;c đảo nh&acirc;n tạo Trung Quốc x&acirc;y dựng phi ph&aacute;p tại quần đảo Trường Sa. Động th&aacute;i n&agrave;y c&oacute; thể diễn ra trong v&agrave;i ng&agrave;y tới nhưng đang chờ Tổng thống Barack Obama th&ocirc;ng qua.</p>\n<p class=\"Normal\">Đ&ocirc; đốc Harry Harris, chỉ huy c&aacute;c lực lượng Mỹ ở Th&aacute;i B&igrave;nh Dương, h&ocirc;m qua từ chối c&ocirc;ng bố khả năng thực hiện kế hoạch. &Ocirc;ng n&oacute;i r&otilde; đ&acirc;y l&agrave; một lựa chọn đ&atilde; tr&igrave;nh l&ecirc;n Tổng thống Obama v&agrave; nhấn mạnh Mỹ phải tuần tra tự do h&agrave;ng hải khắp khu vực ch&acirc;u &Aacute; - Th&aacute;i B&igrave;nh Dương.</p>\n<p class=\"Normal\">B&agrave; Hoa Xu&acirc;n Doanh, ph&aacute;t ng&ocirc;n vi&ecirc;n Bộ Ngoại giao Trung Quốc, trong buổi họp b&aacute;o h&ocirc;m qua ngang nhi&ecirc;n gọi v&ugrave;ng biển quanh quần đảo Trường Sa l&agrave; \"l&atilde;nh hải\" v&agrave; tuy&ecirc;n bố \"kh&ocirc;ng cho ph&eacute;p quốc gia kh&aacute;c x&acirc;m phạm dưới danh nghĩa tự do h&agrave;ng hải v&agrave; bay ngang qua\".</p>\n<p class=\"Normal\">Trung Quốc hồi th&aacute;ng 5 từng 8 lần y&ecirc;u cầu phi cơ trinh s&aacute;t P8-A Poseidon của hải qu&acirc;n Mỹ rời đi khi n&oacute; bay qua đ&aacute; Chữ Thập, nơi Bắc Kinh ồ ạt bồi đắp, cải tạo v&agrave; x&acirc;y dựng. Mỹ l&uacute;c đ&oacute; khẳng định chiếc P8-A bay trong kh&ocirc;ng phận quốc tế.</p>\n<p class=\"Normal\">Trung Quốc tuy&ecirc;n bố chủ quyền với phần lớn diện t&iacute;ch Biển Đ&ocirc;ng, chồng lấn l&ecirc;n v&ugrave;ng biển của c&aacute;c quốc gia l&aacute;ng giềng như Việt Nam, Philippines. Bắc Kinh c&ograve;n ngang nhi&ecirc;n tiến h&agrave;nh cải tạo đất phi ph&aacute;p tại quần đảo Trường Sa của Việt Nam.</p>\n<p class=\"Normal\">H&agrave; Nội khẳng định mọi h&agrave;nh động x&acirc;y dựng, mở rộng của nước ngo&agrave;i tr&ecirc;n c&aacute;c đảo đ&aacute;, b&atilde;i ở quần đảo Ho&agrave;ng Sa v&agrave; Trường Sa m&agrave; kh&ocirc;ng được ph&eacute;p của ch&iacute;nh phủ Việt Nam đều phi ph&aacute;p v&agrave; v&ocirc; gi&aacute; trị. Washington cũng kh&ocirc;ng c&ocirc;ng nhận tuy&ecirc;n bố chủ quyền của Bắc Kinh đối với c&aacute;c đảo nh&acirc;n tạo, tuy&ecirc;n bố hải qu&acirc;n Mỹ sẽ hoạt động ở mọi nơi luật ph&aacute;p quốc tế cho ph&eacute;p.</p>\n<p class=\"Normal\"><strong>Như T&acirc;m</strong></p>',1,'news_post',1,NULL,23,'2015-10-10 08:52:05','2015-10-10 09:15:16'),(56,41,'barca_gay_soc_voi_%e2%80%98lao_tuong_hoi_xuan%e2%80%99-20151010162357',1,'Barca gây sốc với ‘lão tướng hồi xuân’','Sport, tờ báo thân Barcelona vừa bất ngờ hé lộ danh tính tiền đạo mà Gã khổng lồ xứ Catalan điền tên vào danh sách mua vào mùa đông 2016.','<table border=\"0\" width=\"100%\" cellspacing=\"0\" cellpadding=\"0\">\n<tbody>\n<tr>\n<td class=\"style6\" align=\"left\" valign=\"top\">\n<div class=\"art_content\">\n<div><span style=\"font-family: arial; font-size: small;\">Theo Sport, Barcelona dự định g&acirc;y sốc với đề nghị chi&ecirc;u mộ Dirt Kuyt, l&atilde;o tướng 35 tuổi người H&agrave; Lan hiện kho&aacute;c &aacute;o Feyenoord.</span></div>\n<div><span style=\"font-family: arial; font-size: small;\">&nbsp;</span></div>\n<div><span style=\"font-family: arial; font-size: small;\"><img src=\"http://cdn.caughtoffside.com/wp-content/uploads/2014/10/Dirk-Kuyt-Netherlands.jpg\" alt=\"\" width=\"500\" align=\"none\" /></span></div>\n<div><span style=\"font-family: arial; font-size: small;\">&nbsp;</span></div>\n<div><span style=\"font-family: arial; font-size: small;\">Barca bất ngờ hướng tầm ngắm sang Dirt Kuyt bởi họ gặp kh&oacute; khăn trong việc thuyết phục Celta Vigo nhả Nolito. Trong tuy&ecirc;n bố h&ocirc;m qua, ch&acirc;n s&uacute;t từng kho&aacute;c &aacute;o Barca n&agrave;y cũng khẳng định hạnh ph&uacute;c ở Celta Vigo v&agrave; kh&ocirc;ng muốn đi đ&acirc;u.</span></div>\n<div><span style=\"font-family: arial; font-size: small;\">&nbsp;</span></div>\n<div><span style=\"font-family: arial; font-size: small;\">Sở dĩ gọi Dirt Kuyt l&agrave; &ldquo;l&atilde;o tướng hồi xu&acirc;n&rdquo; bởi cựu tiền đạo Liverpool toả s&aacute;ng rực rỡ kể từ khi rời Fenerbah&ccedil;e hồi hương kho&aacute;c &aacute;o đội b&oacute;ng cũ của anh l&agrave; Feyenoord.</span></div>\n<div><span style=\"font-family: arial; font-size: small;\">&nbsp;</span></div>\n<div><span style=\"font-family: arial; font-size: small;\">Đến thời điểm n&agrave;y Dirt Kuyt ghi được 4 b&agrave;n/7 trận ở giải VĐQG H&agrave; Lan v&agrave; 6 b&agrave;n/8 trận tr&ecirc;n mọi đấu trường.</span></div>\n<div><span style=\"font-family: arial; font-size: small;\">&nbsp;</span></div>\n<div><span style=\"font-family: arial; font-size: small;\">Việc Barca nhắm mua Dirt Kuyt kh&ocirc;ng khiến c&aacute;c cule qu&aacute; ngạc nhi&ecirc;n bởi đội b&oacute;ng xứ Catalan từng th&agrave;nh c&ocirc;ng với hợp đồng tương tự, cụ thể l&agrave; Larsson.</span></div>\n<div><span style=\"font-family: arial; font-size: small;\">&nbsp;</span></div>\n<div><span style=\"font-family: arial; font-size: small;\">L&atilde;o tướng Larsson đến Nou Camp từ Celtic v&agrave; trở th&agrave;nh qu&acirc;n bại dự bị v&ocirc; c&ugrave;ng lợi hại gi&uacute;p Barca gi&agrave;nh 2 chức VĐ La Liga v&agrave; 1 ng&ocirc;i v&ocirc; địch Champions League dưới thời Frank Rijkaard.</span></div>\n<div class=\"art_center_banner\">&nbsp;</div>\n</div>\n</td>\n</tr>\n<tr>\n<td valign=\"middle\">\n<div class=\"art_author\">Xu&acirc;n H&agrave;</div>\n</td>\n</tr>\n</tbody>\n</table>',1,'news_post',1,NULL,24,'2015-10-10 09:23:57','2015-10-10 09:23:57');
/*!40000 ALTER TABLE `news_posts` ENABLE KEYS */;
UNLOCK TABLES;

--
-- Table structure for table `partner`
--

DROP TABLE IF EXISTS `partner`;
/*!40101 SET @saved_cs_client     = @@character_set_client */;
/*!40101 SET character_set_client = utf8 */;
CREATE TABLE `partner` (
  `idpartner` varchar(30) NOT NULL,
  `strImageUrl` varchar(200) DEFAULT NULL,
  `strInfo` varchar(1000) DEFAULT NULL,
  `intPosition` int(11) DEFAULT NULL,
  `strTypeOfTile` varchar(100) DEFAULT NULL,
  `animation` varchar(100) DEFAULT NULL,
  `created_at` datetime DEFAULT NULL,
  `updated_at` datetime DEFAULT NULL,
  PRIMARY KEY (`idpartner`)
) ENGINE=InnoDB DEFAULT CHARSET=latin1;
/*!40101 SET character_set_client = @saved_cs_client */;

--
-- Dumping data for table `partner`
--

LOCK TABLES `partner` WRITE;
/*!40000 ALTER TABLE `partner` DISABLE KEYS */;
INSERT INTO `partner` VALUES ('item1','assets/metro/images/logo/pge.jpg','this tile will describle your company;note here',4,'item w2 h2 live-tile accent blue','flip','2014-11-15 06:56:21','2014-12-06 17:21:14'),('item2','assets/metro/images/logo/adidas.jpg','Adidas company is the one of succesfull company in the world about producing shoes;note 2',1,'item w2 h4 live-tile accent red','flip','2014-11-15 06:56:21','2014-12-06 17:21:14'),('item3','assets/metro/images/logo/bmw.jpg','This tile slides when hovered in and returns when hovered out; back title',5,'item w2 h2 live-tile accent red','flip','2014-11-15 06:56:21','2014-12-06 17:21:14'),('item4','assets/metro/images/logo/audi.jpg','this tile will describle your company;note here',0,'item w4 h4 live-tile accent blue','flip','2014-11-15 06:56:21','2014-12-06 17:21:14'),('item5','assets/metro/images/logo/channel.jpg','Using data-mode stack adds a nice effect;note 3',2,'item w2 h2 live-tile accent red','flip','2014-11-15 06:56:21','2014-12-06 17:21:14'),('item6','assets/metro/images/logo/coca.jpg','You fill your information here about your company;We make you become successful',3,'item w2 h4 live-tile accent blue','flip','2014-11-15 06:56:21','2014-12-06 17:21:14');
/*!40000 ALTER TABLE `partner` ENABLE KEYS */;
UNLOCK TABLES;

--
-- Table structure for table `password_reminders`
--

DROP TABLE IF EXISTS `password_reminders`;
/*!40101 SET @saved_cs_client     = @@character_set_client */;
/*!40101 SET character_set_client = utf8 */;
CREATE TABLE `password_reminders` (
  `email` varchar(255) COLLATE utf8_unicode_ci NOT NULL,
  `token` varchar(255) COLLATE utf8_unicode_ci NOT NULL,
  `created_at` timestamp NOT NULL DEFAULT '0000-00-00 00:00:00',
  KEY `password_reminders_email_index` (`email`),
  KEY `password_reminders_token_index` (`token`)
) ENGINE=InnoDB DEFAULT CHARSET=utf8 COLLATE=utf8_unicode_ci;
/*!40101 SET character_set_client = @saved_cs_client */;

--
-- Dumping data for table `password_reminders`
--

LOCK TABLES `password_reminders` WRITE;
/*!40000 ALTER TABLE `password_reminders` DISABLE KEYS */;
/*!40000 ALTER TABLE `password_reminders` ENABLE KEYS */;
UNLOCK TABLES;

--
-- Table structure for table `site_template`
--

DROP TABLE IF EXISTS `site_template`;
/*!40101 SET @saved_cs_client     = @@character_set_client */;
/*!40101 SET character_set_client = utf8 */;
CREATE TABLE `site_template` (
  `id` bigint(20) NOT NULL AUTO_INCREMENT,
  `template_code` varchar(200) DEFAULT NULL,
  `name` varchar(500) DEFAULT NULL,
  `description` longtext,
  `license` text,
  `thumbnail` varchar(500) DEFAULT NULL,
  `keywords` text,
  `sort` bigint(20) DEFAULT NULL,
  `customer_id` bigint(20) DEFAULT NULL,
  `default` tinyint(4) DEFAULT '0',
  `status` tinyint(4) DEFAULT '1',
  `created_at` timestamp NULL DEFAULT CURRENT_TIMESTAMP,
  `updated_at` timestamp NULL DEFAULT CURRENT_TIMESTAMP,
  PRIMARY KEY (`id`)
) ENGINE=InnoDB AUTO_INCREMENT=2 DEFAULT CHARSET=utf8;
/*!40101 SET character_set_client = @saved_cs_client */;

--
-- Dumping data for table `site_template`
--

LOCK TABLES `site_template` WRITE;
/*!40000 ALTER TABLE `site_template` DISABLE KEYS */;
INSERT INTO `site_template` VALUES (1,'admin_metronic','metronic',NULL,NULL,NULL,NULL,NULL,0,1,1,'2014-10-08 16:37:53','2015-10-25 10:00:28');
/*!40000 ALTER TABLE `site_template` ENABLE KEYS */;
UNLOCK TABLES;

--
-- Table structure for table `site_template_class_css`
--

DROP TABLE IF EXISTS `site_template_class_css`;
/*!40101 SET @saved_cs_client     = @@character_set_client */;
/*!40101 SET character_set_client = utf8 */;
CREATE TABLE `site_template_class_css` (
  `id` bigint(20) NOT NULL AUTO_INCREMENT,
  `group_id` bigint(20) DEFAULT NULL,
  `class_value` varchar(200) DEFAULT NULL,
  `name` varchar(200) DEFAULT NULL,
  `sort` int(11) DEFAULT NULL,
  `default` tinyint(4) DEFAULT '0',
  `status` tinyint(4) DEFAULT '1',
  `created_at` timestamp NULL DEFAULT CURRENT_TIMESTAMP,
  `updated_at` timestamp NULL DEFAULT CURRENT_TIMESTAMP,
  PRIMARY KEY (`id`)
) ENGINE=InnoDB AUTO_INCREMENT=41 DEFAULT CHARSET=utf8;
/*!40101 SET character_set_client = @saved_cs_client */;

--
-- Dumping data for table `site_template_class_css`
--

LOCK TABLES `site_template_class_css` WRITE;
/*!40000 ALTER TABLE `site_template_class_css` DISABLE KEYS */;
INSERT INTO `site_template_class_css` VALUES (1,2,'color-green','Green',NULL,0,1,'2014-10-09 02:40:42','2015-10-24 17:44:17'),(2,2,'color-azure','Azure',NULL,1,1,'2014-10-09 02:40:42','2015-10-25 10:00:28'),(3,2,'color-blue','Blue',NULL,0,1,'2014-10-09 02:40:42','2015-10-20 16:26:59'),(4,2,'color-brown','Brown',NULL,0,1,'2014-10-09 02:40:43','2015-10-24 17:44:09'),(6,3,'h1','Menu with Separator',NULL,0,1,'2014-10-09 02:40:43','2015-09-26 08:09:00'),(7,3,'h2','Underline Menu',NULL,0,1,'2014-10-09 02:40:43','2015-10-09 01:00:15'),(8,3,'h3','Box Menu',NULL,1,1,'2014-10-09 02:40:43','2015-10-25 10:00:28'),(9,3,'h4','Object Menu',NULL,0,1,'2014-10-09 02:40:43','2015-09-07 18:14:24'),(10,2,'color-turquoise','Turquoise',NULL,0,1,'2015-09-07 16:46:01','2015-10-20 17:33:43'),(11,2,'color-yellow','Yellow',NULL,0,1,'2015-09-07 16:46:17','2015-09-26 04:48:46'),(12,2,'color-black','Black',NULL,0,1,'2015-09-07 16:47:37','2015-09-07 16:47:37'),(13,2,'color-gray','Gray',NULL,0,1,'2015-09-07 16:48:25','2015-09-07 16:48:25'),(14,2,'color-pink','Pink',NULL,0,1,'2015-09-07 16:48:55','2015-09-07 16:48:55'),(15,2,'color-purple','Purple',NULL,0,1,'2015-09-07 16:49:31','2015-09-07 16:49:31'),(16,2,'color-red','Red',NULL,0,1,'2015-09-07 16:50:05','2015-09-26 04:36:50'),(17,2,'color-silver','Silver',NULL,0,1,'2015-09-07 16:50:35','2015-09-07 16:50:35'),(18,2,'color-tan','Tan',NULL,0,1,'2015-09-07 16:51:33','2015-09-07 16:51:33'),(19,2,'color-turquoise','Turquoise',NULL,0,1,'2015-09-07 16:51:52','2015-09-07 16:51:52'),(20,3,'h5','Tabbed Single Menu',NULL,0,1,'2015-09-07 16:54:43','2015-09-26 04:37:09'),(21,3,'h6','Tabbed Full Menu',NULL,0,1,'2015-09-07 16:55:21','2015-09-07 18:15:28'),(22,3,'h7','Round Menu',NULL,0,1,'2015-09-07 16:55:54','2015-09-07 16:55:54'),(23,3,'h8','Box Full Width Menu',NULL,0,1,'2015-09-07 16:56:24','2015-09-07 16:56:24'),(24,3,'h9','Round Wide Menu',NULL,0,1,'2015-09-07 16:57:05','2015-09-07 16:57:05'),(25,3,'h10','Underline Wide Menu',NULL,0,1,'2015-09-07 16:57:27','2015-09-07 16:57:27'),(26,3,'h11','Square Menu',NULL,0,1,'2015-09-07 16:57:53','2015-09-07 16:57:53'),(27,3,'h12','Underline Menu',NULL,0,1,'2015-09-07 16:58:44','2015-09-07 16:58:44'),(28,3,'h13','Rounded Square',NULL,0,1,'2015-09-07 16:59:14','2015-09-07 16:59:14'),(29,3,'h14','Square Advanced',NULL,0,1,'2015-09-07 16:59:44','2015-09-07 18:13:21'),(30,4,'boxed f01','Frame 1',NULL,0,1,'2015-09-07 17:31:33','2015-10-24 08:57:46'),(31,4,'boxed f02','Frame 2',NULL,0,1,'2015-09-07 17:31:54','2015-09-26 08:09:14'),(32,4,'boxed f03','Frame 3',NULL,1,1,'2015-09-07 17:32:19','2015-10-25 10:00:28'),(33,4,'boxed f04','Frame 4',NULL,0,1,'2015-09-07 17:32:41','2015-09-08 13:36:17'),(34,4,'boxed f05','Frame 5',NULL,0,1,'2015-09-07 17:33:07','2015-09-07 17:33:07'),(35,4,'boxed f06','Frame 6',NULL,0,1,'2015-09-07 17:33:27','2015-10-09 01:00:25'),(36,4,'boxed f07','Frame 7',NULL,0,1,'2015-09-07 17:33:55','2015-09-07 17:33:55'),(37,4,'boxed f08','Frame 8',NULL,0,1,'2015-09-07 17:34:21','2015-09-07 17:34:21'),(38,4,'boxed f09','Frame 9',NULL,0,1,'2015-09-07 17:34:30','2015-09-07 17:34:30'),(39,4,'boxed shadow','Frame shadow',NULL,0,1,'2015-09-07 17:35:09','2015-09-26 04:37:34'),(40,4,'default','Default',NULL,0,1,'2015-09-07 17:35:09','2015-09-08 13:35:32');
/*!40000 ALTER TABLE `site_template_class_css` ENABLE KEYS */;
UNLOCK TABLES;

--
-- Table structure for table `site_template_class_group`
--

DROP TABLE IF EXISTS `site_template_class_group`;
/*!40101 SET @saved_cs_client     = @@character_set_client */;
/*!40101 SET character_set_client = utf8 */;
CREATE TABLE `site_template_class_group` (
  `id` bigint(20) NOT NULL AUTO_INCREMENT,
  `template_id` bigint(20) DEFAULT NULL,
  `constructor_id` bigint(20) DEFAULT NULL,
  `group_key` varchar(200) DEFAULT NULL,
  `group_name` varchar(200) DEFAULT NULL,
  `status` tinyint(4) DEFAULT '1',
  `default` tinyint(4) DEFAULT '0',
  `created_at` timestamp NULL DEFAULT CURRENT_TIMESTAMP,
  `updated_at` timestamp NULL DEFAULT CURRENT_TIMESTAMP,
  PRIMARY KEY (`id`)
) ENGINE=InnoDB AUTO_INCREMENT=5 DEFAULT CHARSET=utf8;
/*!40101 SET character_set_client = @saved_cs_client */;

--
-- Dumping data for table `site_template_class_group`
--

LOCK TABLES `site_template_class_group` WRITE;
/*!40000 ALTER TABLE `site_template_class_group` DISABLE KEYS */;
INSERT INTO `site_template_class_group` VALUES (2,1,NULL,'color','Color',1,1,'2014-10-09 02:37:47','2014-10-09 02:37:47'),(3,1,NULL,'menu','Menu',1,1,'2014-10-09 04:08:05','2014-10-09 04:08:05'),(4,1,NULL,'frame','Frame',1,1,'2015-09-07 17:30:08','2015-09-07 17:30:08');
/*!40000 ALTER TABLE `site_template_class_group` ENABLE KEYS */;
UNLOCK TABLES;

--
-- Table structure for table `site_template_config`
--

DROP TABLE IF EXISTS `site_template_config`;
/*!40101 SET @saved_cs_client     = @@character_set_client */;
/*!40101 SET character_set_client = utf8 */;
CREATE TABLE `site_template_config` (
  `id` bigint(20) NOT NULL AUTO_INCREMENT,
  `master_page` bigint(20) NOT NULL,
  `constructor_block` bigint(20) NOT NULL,
  `default` tinyint(4) DEFAULT '0',
  `status` tinyint(4) DEFAULT '1',
  `created_at` timestamp NULL DEFAULT CURRENT_TIMESTAMP,
  `updated_at` timestamp NULL DEFAULT CURRENT_TIMESTAMP,
  PRIMARY KEY (`id`)
) ENGINE=InnoDB AUTO_INCREMENT=7 DEFAULT CHARSET=utf8;
/*!40101 SET character_set_client = @saved_cs_client */;

--
-- Dumping data for table `site_template_config`
--

LOCK TABLES `site_template_config` WRITE;
/*!40000 ALTER TABLE `site_template_config` DISABLE KEYS */;
INSERT INTO `site_template_config` VALUES (1,1,1,1,1,'2014-10-08 17:20:23','2014-10-13 07:35:25'),(2,1,2,1,1,'2014-10-08 17:20:23','2014-10-08 17:20:23'),(3,1,3,1,1,'2014-10-08 17:20:23','2014-10-08 17:20:23'),(4,1,4,1,1,'2014-10-08 17:20:23','2014-10-08 17:20:23'),(5,1,5,1,1,'2014-10-08 17:20:23','2014-10-08 17:20:23'),(6,1,6,1,1,'2014-10-08 17:20:23','2014-10-08 17:20:23');
/*!40000 ALTER TABLE `site_template_config` ENABLE KEYS */;
UNLOCK TABLES;

--
-- Table structure for table `site_template_constructor`
--

DROP TABLE IF EXISTS `site_template_constructor`;
/*!40101 SET @saved_cs_client     = @@character_set_client */;
/*!40101 SET character_set_client = utf8 */;
CREATE TABLE `site_template_constructor` (
  `id` bigint(20) NOT NULL AUTO_INCREMENT,
  `constructor_block_id` bigint(20) NOT NULL,
  `file` varchar(200) DEFAULT NULL,
  `name` varchar(200) DEFAULT NULL,
  `sort` int(11) DEFAULT NULL,
  `default` tinyint(4) DEFAULT '0',
  `status` tinyint(4) DEFAULT '1',
  `created_at` timestamp NULL DEFAULT CURRENT_TIMESTAMP,
  `updated_at` timestamp NULL DEFAULT CURRENT_TIMESTAMP,
  PRIMARY KEY (`id`)
) ENGINE=InnoDB AUTO_INCREMENT=24 DEFAULT CHARSET=utf8;
/*!40101 SET character_set_client = @saved_cs_client */;

--
-- Dumping data for table `site_template_constructor`
--

LOCK TABLES `site_template_constructor` WRITE;
/*!40000 ALTER TABLE `site_template_constructor` DISABLE KEYS */;
INSERT INTO `site_template_constructor` VALUES (1,1,'core-plugins','Core plugins',NULL,1,1,'2014-10-08 16:49:28','2014-10-15 03:05:32'),(2,2,'main-header','Main header',NULL,1,1,'2014-10-08 16:49:28','2014-10-15 03:05:32'),(3,3,'head','Head',NULL,1,1,'2014-10-08 16:49:28','2014-10-15 03:05:32'),(4,4,'footer','Footer',NULL,1,1,'2014-10-08 16:49:28','2014-10-15 03:05:32'),(5,5,'header','Header',NULL,1,1,'2014-10-08 16:49:28','2014-10-15 03:05:32'),(6,6,'corporate_business','Corporate Business',NULL,0,1,'2014-10-08 16:53:27','2015-10-24 17:35:49'),(7,6,'creative_business','Creative Business',NULL,0,1,'2014-10-08 16:53:27','2015-10-24 08:57:39'),(8,6,'elegant_business','Elegant Business',NULL,0,1,'2014-10-08 16:53:27','2015-10-24 18:12:34'),(9,6,'landing_page','Landing Page',NULL,0,1,'2015-03-30 07:45:47','2015-10-24 14:20:51'),(20,6,'magazine','Magazine',NULL,0,1,'2015-09-05 09:28:44','2015-10-20 17:33:27'),(21,6,'hosting','Hosting',NULL,0,1,'2015-10-10 06:18:19','2015-10-24 17:39:13'),(22,6,'hotel','Hotel',NULL,0,1,'2015-10-10 06:18:19','2015-10-20 17:41:33'),(23,6,'metronic','metronic',NULL,1,1,'2015-10-24 17:35:35','2015-10-24 18:12:34');
/*!40000 ALTER TABLE `site_template_constructor` ENABLE KEYS */;
UNLOCK TABLES;

--
-- Table structure for table `site_template_constructor_block`
--

DROP TABLE IF EXISTS `site_template_constructor_block`;
/*!40101 SET @saved_cs_client     = @@character_set_client */;
/*!40101 SET character_set_client = utf8 */;
CREATE TABLE `site_template_constructor_block` (
  `id` bigint(20) NOT NULL AUTO_INCREMENT,
  `template_id` bigint(20) NOT NULL,
  `block` varchar(200) DEFAULT NULL,
  `name` varchar(200) DEFAULT NULL,
  `status` tinyint(4) DEFAULT '1',
  `created_at` timestamp NULL DEFAULT CURRENT_TIMESTAMP,
  `is_show` tinyint(4) DEFAULT '0',
  `updated_at` timestamp NULL DEFAULT CURRENT_TIMESTAMP,
  PRIMARY KEY (`id`)
) ENGINE=InnoDB AUTO_INCREMENT=7 DEFAULT CHARSET=utf8;
/*!40101 SET character_set_client = @saved_cs_client */;

--
-- Dumping data for table `site_template_constructor_block`
--

LOCK TABLES `site_template_constructor_block` WRITE;
/*!40000 ALTER TABLE `site_template_constructor_block` DISABLE KEYS */;
INSERT INTO `site_template_constructor_block` VALUES (1,1,'core-plugins','Core plugins',1,'2014-10-08 17:13:12',0,'2014-10-08 17:13:12'),(2,1,'main-header','Main header',1,'2014-10-08 17:13:12',0,'2014-10-08 17:13:12'),(3,1,'head','Head',1,'2014-10-08 17:13:12',0,'2014-10-08 17:13:12'),(4,1,'footer','Footer',1,'2014-10-08 17:13:12',0,'2014-10-08 17:13:12'),(5,1,'header','Header',1,'2014-10-08 17:13:12',0,'2014-10-08 17:13:12'),(6,1,'style','Style',1,'2014-10-08 17:13:12',1,'2014-10-08 17:13:12');
/*!40000 ALTER TABLE `site_template_constructor_block` ENABLE KEYS */;
UNLOCK TABLES;

--
-- Table structure for table `site_template_master_page`
--

DROP TABLE IF EXISTS `site_template_master_page`;
/*!40101 SET @saved_cs_client     = @@character_set_client */;
/*!40101 SET character_set_client = utf8 */;
CREATE TABLE `site_template_master_page` (
  `id` int(11) NOT NULL AUTO_INCREMENT,
  `template_id` bigint(20) DEFAULT NULL,
  `master_page` varchar(200) DEFAULT NULL,
  `name` varchar(200) DEFAULT NULL,
  `sort` int(11) DEFAULT NULL,
  `default` tinyint(4) DEFAULT '0',
  `status` tinyint(4) DEFAULT '1',
  `created_at` timestamp NULL DEFAULT CURRENT_TIMESTAMP,
  `updated_at` timestamp NULL DEFAULT CURRENT_TIMESTAMP,
  PRIMARY KEY (`id`)
) ENGINE=InnoDB AUTO_INCREMENT=2 DEFAULT CHARSET=utf8;
/*!40101 SET character_set_client = @saved_cs_client */;

--
-- Dumping data for table `site_template_master_page`
--

LOCK TABLES `site_template_master_page` WRITE;
/*!40000 ALTER TABLE `site_template_master_page` DISABLE KEYS */;
INSERT INTO `site_template_master_page` VALUES (1,1,'main','Main master Page',NULL,1,1,'2014-10-08 17:18:13','2015-10-25 10:00:28');
/*!40000 ALTER TABLE `site_template_master_page` ENABLE KEYS */;
UNLOCK TABLES;

--
-- Table structure for table `static_setting`
--

DROP TABLE IF EXISTS `static_setting`;
/*!40101 SET @saved_cs_client     = @@character_set_client */;
/*!40101 SET character_set_client = utf8 */;
CREATE TABLE `static_setting` (
  `id` int(11) NOT NULL AUTO_INCREMENT,
  `static_key` varchar(100) DEFAULT NULL,
  `static_value` text,
  `static_group_key` varchar(100) DEFAULT NULL,
  `static_default` tinyint(4) DEFAULT NULL,
  `created_at` timestamp NULL DEFAULT CURRENT_TIMESTAMP,
  `updated_at` timestamp NULL DEFAULT CURRENT_TIMESTAMP,
  PRIMARY KEY (`id`)
) ENGINE=InnoDB AUTO_INCREMENT=4 DEFAULT CHARSET=utf8;
/*!40101 SET character_set_client = @saved_cs_client */;

--
-- Dumping data for table `static_setting`
--

LOCK TABLES `static_setting` WRITE;
/*!40000 ALTER TABLE `static_setting` DISABLE KEYS */;
INSERT INTO `static_setting` VALUES (3,'default','Default','MENU_TYPE',1,'2015-10-24 14:50:04','2015-10-24 14:50:04');
/*!40000 ALTER TABLE `static_setting` ENABLE KEYS */;
UNLOCK TABLES;

--
-- Table structure for table `template_product`
--

DROP TABLE IF EXISTS `template_product`;
/*!40101 SET @saved_cs_client     = @@character_set_client */;
/*!40101 SET character_set_client = utf8 */;
CREATE TABLE `template_product` (
  `id` varchar(50) NOT NULL,
  `strName` varchar(100) DEFAULT NULL,
  `strDescription` varchar(300) DEFAULT NULL,
  `strType` varchar(45) DEFAULT NULL,
  `strImages` varchar(1000) DEFAULT NULL,
  `strDataRel` varchar(45) DEFAULT NULL,
  `strLinkToPreview` varchar(100) DEFAULT NULL,
  `weight` int(11) DEFAULT NULL,
  PRIMARY KEY (`id`)
) ENGINE=InnoDB DEFAULT CHARSET=utf8;
/*!40101 SET character_set_client = @saved_cs_client */;

--
-- Dumping data for table `template_product`
--

LOCK TABLES `template_product` WRITE;
/*!40000 ALTER TABLE `template_product` DISABLE KEYS */;
INSERT INTO `template_product` VALUES ('itemFreelancer','freelancer','Template one page mới lạ độc đáo','SALE','/itemFreelancer/images/template_img/img1.PNG;/itemFreelancer/images/template_img/img2.PNG;/itemFreelancer/images/template_img/img3.PNG;/itemFreelancer/images/template_img/img3.PNG;/itemFreelancer/images/template_img/img4.PNG','fancybox-itemFreelancer',NULL,0),('itemMagazine','magazine','Template để thể hiện các trang tin tức','NEWS','/itemMagazine/images/img/index.PNG;/itemMagazine/images/img/img1.PNG;/itemMagazine/images/img/img2.PNG;/itemMagazine/images/img/img3.PNG','fancybox-itemMagazine',NULL,1),('itemPorfilo','porfilo','Template mẫu được dùng cho các cửa hàng','SALE','/itemPorfilo/images/img/index.PNG;/itemPorfilo/images/img/img1.PNG;/itemPorfilo/images/img/img2.PNG;/itemPorfilo/images/img/img3.PNG','fancybox-itemPorfilo',NULL,2),('itemShopper','esShopper','template được dùng cho các cửa hàng bán sản phẩm với phong cách hiện đại','SALE','/itemShopper/images/img/index.PNG;/itemShopper/images/img/img_1.PNG;/itemShopper/images/img/img_2.PNG;/itemShopper/images/img/img_3.PNG','fancybox-itemShopper',NULL,3);
/*!40000 ALTER TABLE `template_product` ENABLE KEYS */;
UNLOCK TABLES;

--
-- Table structure for table `user`
--

DROP TABLE IF EXISTS `user`;
/*!40101 SET @saved_cs_client     = @@character_set_client */;
/*!40101 SET character_set_client = utf8 */;
CREATE TABLE `user` (
  `username` varchar(200) NOT NULL,
  `password` varchar(200) DEFAULT NULL,
  `email` varchar(200) DEFAULT NULL,
  `address` varchar(500) DEFAULT NULL,
  `phone` varchar(45) DEFAULT NULL,
  `status` int(11) NOT NULL DEFAULT '0',
  `role` int(11) DEFAULT NULL,
  `gender` varchar(45) DEFAULT NULL,
  `created_at` datetime DEFAULT NULL,
  `updated_at` datetime DEFAULT NULL,
  `first_name` varchar(200) DEFAULT NULL,
  `last_name` varchar(200) DEFAULT NULL,
  `id` int(11) NOT NULL AUTO_INCREMENT,
  `remember_token` varchar(100) DEFAULT NULL,
  `avatar` varchar(200) DEFAULT NULL,
  PRIMARY KEY (`id`,`username`)
) ENGINE=InnoDB AUTO_INCREMENT=11 DEFAULT CHARSET=utf8;
/*!40101 SET character_set_client = @saved_cs_client */;

--
-- Dumping data for table `user`
--

LOCK TABLES `user` WRITE;
/*!40000 ALTER TABLE `user` DISABLE KEYS */;
INSERT INTO `user` VALUES ('super_admin','$2y$10$cASVUZ7N3oVlqJl8qRkm4.KkvB0hmUFcfQ7ONREnbmHbWDAXzvhyC','lamnhungoc@gmail.com','227 Nguyễn Văn Cừ - Quận 5 - Hồ Chí Minh','01267666299',1,1,'Male','2015-05-14 09:51:32','2015-10-23 18:59:28','Nguyễn','Ngọc Lâm',-68,'BgcQi5ipO4uovklbKOTWhqETskXBugZPuGza2Y0jEpNKQEfg9g487TIuGxf2','upload/ed49c3fed75a513a79cb8bd1d4715d57/avatar.png'),('admin','$2y$10$UzaGQ3PIaGzc4jHTERwJU.qlI5LfMGJvm4v0AHvUuuT7zy1Chj4Pi','phanstasmal@gmail.com','Gò Vấp','0122561123',1,1,'Male','2015-10-15 13:18:26','2015-10-23 19:00:21','Trần','Thế Hoàn',1,'A8OGBAOhJw08J2MOMLVdS1cuaFW5Th3eqUV9DFoWd61iGMG681m5ROWk5BIN',NULL),('user1','$2y$10$.R7D2hvssjOxl.TMXZRbfOA7heTG6wCQ8zpgMZr/DZL0LTH21VDEm','lamnhungoc_nl@yahoo.com','227 Nguyễn Văn Cừ - Quận 5 - Hồ Chí Minh','0905241905',1,1,'Female','2015-10-23 00:55:40','2015-10-24 15:56:30','Nguyễn','Lam',10,'gPvYFKC5u0mvQqaWTkoHCtC5jNyLYeds6hnZkYHngK3oMJgAcm3Bv7je3gjP',NULL);
/*!40000 ALTER TABLE `user` ENABLE KEYS */;
UNLOCK TABLES;

--
-- Table structure for table `user_role`
--

DROP TABLE IF EXISTS `user_role`;
/*!40101 SET @saved_cs_client     = @@character_set_client */;
/*!40101 SET character_set_client = utf8 */;
CREATE TABLE `user_role` (
  `id` int(11) NOT NULL AUTO_INCREMENT,
  `name` varchar(45) DEFAULT NULL,
  `description` varchar(45) DEFAULT NULL,
  `note` varchar(45) DEFAULT NULL,
  `updated_at` datetime DEFAULT NULL,
  `created_at` datetime DEFAULT NULL,
  PRIMARY KEY (`id`)
) ENGINE=InnoDB AUTO_INCREMENT=3 DEFAULT CHARSET=latin1;
/*!40101 SET character_set_client = @saved_cs_client */;

--
-- Dumping data for table `user_role`
--

LOCK TABLES `user_role` WRITE;
/*!40000 ALTER TABLE `user_role` DISABLE KEYS */;
INSERT INTO `user_role` VALUES (1,'Admin','Admin of Website',NULL,'2015-01-01 00:00:00','2015-01-01 00:00:00'),(2,'User','End User',NULL,'2015-01-01 00:00:00','2015-01-01 00:00:00');
/*!40000 ALTER TABLE `user_role` ENABLE KEYS */;
UNLOCK TABLES;
/*!40103 SET TIME_ZONE=@OLD_TIME_ZONE */;

/*!40101 SET SQL_MODE=@OLD_SQL_MODE */;
/*!40014 SET FOREIGN_KEY_CHECKS=@OLD_FOREIGN_KEY_CHECKS */;
/*!40014 SET UNIQUE_CHECKS=@OLD_UNIQUE_CHECKS */;
/*!40101 SET CHARACTER_SET_CLIENT=@OLD_CHARACTER_SET_CLIENT */;
/*!40101 SET CHARACTER_SET_RESULTS=@OLD_CHARACTER_SET_RESULTS */;
/*!40101 SET COLLATION_CONNECTION=@OLD_COLLATION_CONNECTION */;
/*!40111 SET SQL_NOTES=@OLD_SQL_NOTES */;

-- Dump completed on 2015-11-05 10:24:34
